,user_id,item_id,type_1,type_2,type_3,type_4_x,type_4_y,labels
0,10095384,3863924,2,0,0,0,0.0,0.0
1,10095384,7017629,2,0,0,0,0.0,0.0
2,10095384,23510062,2,0,0,0,0.0,0.0
3,10095384,40766571,3,0,0,0,0.0,0.0
4,10095384,48723748,3,0,0,0,0.0,0.0
5,10095384,51657286,3,0,0,0,0.0,0.0
6,10095384,52034284,2,0,0,0,0.0,0.0
7,10095384,59842843,3,0,0,0,0.0,0.0
8,10095384,67948370,5,0,0,0,0.0,0.0
9,10095384,84094521,1,0,0,0,0.0,0.0
10,10095384,88370784,2,0,0,0,0.0,0.0
11,10095384,99801895,5,0,0,0,0.0,0.0
12,10095384,120742613,3,0,0,0,0.0,0.0
13,10095384,159084265,3,0,0,0,0.0,0.0
14,10095384,160623792,3,0,0,0,0.0,0.0
15,10095384,173565542,2,0,0,0,0.0,0.0
16,10095384,177801983,2,0,0,0,0.0,0.0
17,10095384,245127672,1,0,0,0,0.0,0.0
18,10095384,250475937,2,0,0,0,0.0,0.0
19,10095384,258143472,3,0,0,0,0.0,0.0
20,10095384,275859066,3,0,0,0,0.0,0.0
21,10095384,311508972,2,0,0,0,0.0,0.0
22,10095384,323805519,4,0,0,0,0.0,0.0
23,10095384,330233457,4,0,0,0,0.0,0.0
24,10095384,331709165,3,0,0,0,0.0,0.0
25,10095384,355040179,5,0,0,0,0.0,0.0
26,10095384,360188575,3,0,0,0,0.0,0.0
27,10095384,371721722,2,0,0,0,0.0,0.0
28,10095384,372406579,3,0,0,0,0.0,0.0
29,10095384,378246748,2,0,0,0,0.0,0.0
30,10095384,396796141,2,0,0,0,0.0,0.0
31,10176801,26031151,3,0,0,0,0.0,0.0
32,10176801,42227892,2,0,0,0,0.0,0.0
33,10176801,254026670,2,0,0,0,0.0,0.0
34,10176801,351069490,2,0,0,0,0.0,0.0
35,10176801,384827931,2,0,0,0,0.0,0.0
36,10216314,252630201,2,0,0,0,0.0,0.0
37,10357743,26920585,2,0,0,0,0.0,0.0
38,10357743,41832001,1,0,0,0,0.0,0.0
39,10357743,101990420,2,0,0,0,0.0,0.0
40,10357743,126047673,2,0,0,0,0.0,0.0
41,10357743,226032796,1,0,0,0,0.0,0.0
42,10357743,301751595,3,0,0,0,0.0,0.0
43,10357743,308509863,4,1,0,0,0.0,0.0
44,10357743,310925651,4,0,0,0,0.0,0.0
45,10357743,316841416,2,0,0,0,0.0,0.0
46,10357743,346600494,2,0,0,0,0.0,0.0
47,10357743,351575574,2,0,0,0,0.0,0.0
48,10659204,6039035,1,0,0,0,0.0,0.0
49,10659204,8564451,2,0,0,0,0.0,0.0
50,10659204,34780949,4,0,0,0,0.0,0.0
51,10659204,35572053,3,0,0,1,0.0,0.0
52,10659204,39426709,2,0,0,0,0.0,0.0
53,10659204,42607770,1,0,0,0,0.0,0.0
54,10659204,48002672,2,0,0,0,0.0,0.0
55,10659204,61057257,2,0,0,0,0.0,0.0
56,10659204,62212773,1,0,0,0,0.0,0.0
57,10659204,67044211,4,0,0,0,0.0,0.0
58,10659204,95875607,2,0,0,0,0.0,0.0
59,10659204,97680402,2,0,0,0,0.0,0.0
60,10659204,100838661,4,0,0,0,0.0,0.0
61,10659204,108604841,1,0,0,0,0.0,0.0
62,10659204,111163483,2,0,0,0,0.0,0.0
63,10659204,121045554,2,0,0,0,0.0,0.0
64,10659204,123096789,3,0,0,0,0.0,0.0
65,10659204,135097925,2,0,0,0,0.0,0.0
66,10659204,189667493,5,0,0,0,0.0,0.0
67,10659204,196623058,4,0,0,0,0.0,0.0
68,10659204,196758598,3,0,0,0,0.0,0.0
69,10659204,199253721,3,0,0,0,0.0,0.0
70,10659204,200027081,5,0,0,0,0.0,0.0
71,10659204,225924314,2,0,0,0,0.0,0.0
72,10659204,233934891,4,0,0,0,0.0,0.0
73,10659204,241123666,3,0,0,0,0.0,0.0
74,10659204,242714991,3,0,0,0,0.0,0.0
75,10659204,249618450,1,0,0,0,0.0,0.0
76,10659204,252637747,3,0,0,0,0.0,0.0
77,10659204,259053270,2,0,0,0,0.0,0.0
78,10659204,262542691,2,0,0,0,0.0,0.0
79,10659204,302337277,3,0,0,0,0.0,0.0
80,10659204,312205815,2,0,0,0,0.0,0.0
81,10659204,328125189,3,0,0,0,0.0,0.0
82,10659204,331050118,4,0,0,0,0.0,0.0
83,10659204,336052094,3,0,0,0,0.0,0.0
84,10659204,349309903,3,0,0,0,0.0,0.0
85,10659204,391158025,4,0,0,0,0.0,0.0
86,10659204,399103966,2,0,0,0,0.0,0.0
87,10672143,232655414,2,0,0,0,0.0,0.0
88,10672143,341126468,3,0,0,0,0.0,0.0
89,10684992,19604592,3,0,1,0,0.0,0.0
90,10684992,118835036,3,0,1,0,0.0,0.0
91,10684992,143659826,2,0,0,0,0.0,0.0
92,10684992,232937383,4,0,0,0,0.0,0.0
93,10684992,243014811,2,0,0,0,0.0,0.0
94,10684992,248142151,2,0,0,0,0.0,0.0
95,10684992,270787747,3,0,1,0,0.0,0.0
96,10684992,306218862,3,0,0,0,0.0,0.0
97,10684992,370048096,2,0,0,0,0.0,0.0
98,10710516,20881241,3,0,0,0,0.0,0.0
99,10710516,155580935,4,0,0,1,0.0,0.0
100,10713699,4572142,1,0,0,0,0.0,0.0
101,10713699,32676313,1,0,0,0,0.0,0.0
102,10713699,57299613,1,0,0,0,0.0,0.0
103,10713699,60121083,1,0,0,0,0.0,0.0
104,10713699,63272951,1,0,0,0,0.0,0.0
105,10713699,75641104,1,0,0,0,0.0,0.0
106,10713699,122734772,1,0,0,0,0.0,0.0
107,10713699,125010313,1,0,0,0,0.0,0.0
108,10713699,150314756,1,0,0,0,0.0,0.0
109,10713699,198553130,1,0,0,0,0.0,0.0
110,10713699,201119411,1,0,0,0,0.0,0.0
111,10713699,203873911,3,0,0,0,0.0,0.0
112,10713699,216788288,1,0,0,0,0.0,0.0
113,10713699,222855615,1,0,0,0,0.0,0.0
114,10713699,237749125,1,0,0,0,0.0,0.0
115,10713699,242040161,1,0,0,0,0.0,0.0
116,10713699,256998540,1,0,0,0,0.0,0.0
117,10713699,272747523,1,0,0,0,0.0,0.0
118,10713699,282866728,4,1,0,0,0.0,0.0
119,10713699,298564848,1,0,0,0,0.0,0.0
120,10713699,304000718,1,0,0,0,0.0,0.0
121,10713699,318250310,3,0,0,0,0.0,0.0
122,10713699,358840694,3,0,0,0,0.0,0.0
123,10713699,363046515,1,0,0,0,0.0,0.0
124,10713699,367536861,1,0,0,0,0.0,0.0
125,10713699,380791053,1,0,0,0,0.0,0.0
126,10713699,384176131,1,0,0,0,0.0,0.0
127,10820115,162586772,1,0,0,0,0.0,0.0
128,10820115,199489439,2,0,0,0,0.0,0.0
129,10820115,294738900,2,0,0,0,0.0,0.0
130,10820115,383472921,6,0,0,0,0.0,0.0
131,10823697,12234316,3,0,0,0,0.0,0.0
132,10823697,36410770,3,0,1,0,0.0,0.0
133,10823697,89502687,3,0,0,0,0.0,0.0
134,10823697,126377694,3,0,0,0,0.0,0.0
135,10823697,194032170,2,0,0,0,0.0,0.0
136,10823697,213102554,9,0,0,0,0.0,0.0
137,10823697,228767795,3,0,0,0,0.0,0.0
138,10823697,228996501,2,0,0,0,0.0,0.0
139,10823697,237726978,1,0,0,0,0.0,0.0
140,10823697,288660503,2,0,0,0,0.0,0.0
141,10823697,296592575,2,0,0,0,0.0,0.0
142,10823697,302312529,3,0,0,0,0.0,0.0
143,10823697,375686901,2,0,0,0,0.0,0.0
144,11095878,122241003,3,0,0,0,0.0,0.0
145,100076491,28462638,4,0,0,0,0.0,0.0
146,100212013,256506746,2,0,0,0,0.0,0.0
147,100212013,340991059,1,0,0,0,0.0,0.0
148,100226515,14587255,6,0,1,0,0.0,0.0
149,100226515,15243334,2,0,1,0,0.0,0.0
150,100226515,21900518,3,0,0,0,0.0,0.0
151,100226515,21964060,1,0,0,0,0.0,0.0
152,100226515,39681457,1,0,0,0,0.0,0.0
153,100226515,45412346,3,0,0,0,0.0,0.0
154,100226515,48317538,1,0,0,0,0.0,0.0
155,100226515,50816813,4,1,0,0,0.0,0.0
156,100226515,53732684,1,0,0,0,0.0,0.0
157,100226515,60876166,1,0,0,0,0.0,0.0
158,100226515,78218517,5,0,0,0,0.0,0.0
159,100226515,79624687,5,1,0,0,0.0,0.0
160,100226515,95766696,3,0,0,0,0.0,0.0
161,100226515,104202558,3,0,0,0,0.0,0.0
162,100226515,136304540,5,0,1,0,0.0,0.0
163,100226515,137769965,1,0,0,0,0.0,0.0
164,100226515,157589114,1,0,0,0,0.0,0.0
165,100226515,183140967,1,0,0,0,0.0,0.0
166,100226515,195287458,3,0,0,0,0.0,0.0
167,100226515,207188539,1,0,0,0,0.0,0.0
168,100226515,226203314,1,0,0,0,0.0,0.0
169,100226515,233590483,1,1,0,0,0.0,0.0
170,100226515,250781249,8,1,1,0,0.0,0.0
171,100226515,260210381,4,0,0,0,1.0,1.0
172,100226515,266042772,1,0,0,0,0.0,0.0
173,100226515,267045456,1,0,0,0,0.0,0.0
174,100226515,279270014,3,0,0,0,0.0,0.0
175,100226515,285140066,1,0,0,0,0.0,0.0
176,100226515,285949544,4,0,1,1,0.0,0.0
177,100226515,292457146,1,1,0,0,0.0,0.0
178,100226515,335791803,3,0,0,0,0.0,0.0
179,100226515,339055933,2,0,0,0,0.0,0.0
180,100226515,356884142,1,0,0,0,0.0,0.0
181,100226515,386288949,8,1,1,0,0.0,0.0
182,100226515,390442810,1,0,0,0,0.0,0.0
183,100304674,59614269,3,0,0,0,0.0,0.0
184,100304674,71595071,3,0,0,0,0.0,0.0
185,100304674,363333094,1,0,0,0,0.0,0.0
186,100475890,79458119,7,0,0,2,0.0,0.0
187,100586848,149517272,2,0,0,0,0.0,0.0
188,100639219,26212483,1,0,0,0,0.0,0.0
189,100639219,27665612,2,0,0,0,0.0,0.0
190,100639219,36453618,2,0,0,0,0.0,0.0
191,100639219,87638491,2,0,0,0,0.0,0.0
192,100639219,155481370,1,0,0,0,0.0,0.0
193,100639219,161056666,1,0,0,0,0.0,0.0
194,100639219,173364292,2,0,0,0,0.0,0.0
195,100639219,200103509,2,0,0,0,0.0,0.0
196,100639219,249138948,1,0,0,0,0.0,0.0
197,100639219,252792494,2,0,0,0,0.0,0.0
198,100639219,281818024,2,0,0,0,0.0,0.0
199,100639219,284169832,2,0,0,0,0.0,0.0
200,100639219,292452293,2,0,0,0,0.0,0.0
201,100639219,302562359,2,0,0,0,0.0,0.0
202,100639219,319083375,2,0,0,0,0.0,0.0
203,100639219,336715742,2,0,0,0,0.0,0.0
204,100639219,340280797,2,0,0,0,0.0,0.0
205,100639219,370745490,2,0,0,0,0.0,0.0
206,100639219,381744930,2,0,0,0,0.0,0.0
207,100673476,37767323,1,0,0,0,0.0,0.0
208,100673476,276264739,3,0,0,0,0.0,0.0
209,100852879,20545333,1,0,0,0,0.0,0.0
210,100852879,54424232,1,0,0,0,0.0,0.0
211,100942651,45955534,1,0,0,0,0.0,0.0
212,100942651,72656440,2,0,0,0,0.0,0.0
213,100942651,76995710,3,0,0,0,0.0,0.0
214,100942651,77264941,3,0,0,0,0.0,0.0
215,100942651,104661234,3,0,0,0,0.0,0.0
216,100942651,164929877,3,0,0,0,0.0,0.0
217,100942651,264519603,3,0,0,0,0.0,0.0
218,100942651,274627659,1,0,0,0,0.0,0.0
219,100942651,289522902,3,0,0,0,0.0,0.0
220,100942651,299947785,2,0,0,0,0.0,0.0
221,100942651,357843692,2,0,0,0,0.0,0.0
222,101033902,31159198,4,0,0,0,0.0,0.0
223,101033902,59917528,2,0,0,0,0.0,0.0
224,101033902,85107902,1,0,0,0,0.0,0.0
225,101033902,100390527,1,0,0,0,0.0,0.0
226,101033902,119258890,6,0,0,0,0.0,0.0
227,101033902,158909217,1,0,0,0,0.0,0.0
228,101033902,165496987,2,0,0,0,0.0,0.0
229,101033902,174557947,2,0,0,0,0.0,0.0
230,101033902,249491521,2,0,0,0,0.0,0.0
231,101033902,290963946,2,0,0,0,0.0,0.0
232,101033902,297594693,3,0,0,0,0.0,0.0
233,101033902,298817887,1,0,0,0,0.0,0.0
234,101033902,336889640,2,0,0,0,0.0,0.0
235,101033902,358594987,2,0,0,0,0.0,0.0
236,101033902,399555833,2,0,0,0,0.0,0.0
237,101105140,1610512,2,0,0,0,0.0,0.0
238,101105140,1701128,2,0,0,0,0.0,0.0
239,101105140,14967114,1,0,0,0,0.0,0.0
240,101105140,15187748,2,0,0,0,0.0,0.0
241,101105140,31468348,3,0,0,0,0.0,0.0
242,101105140,46363793,2,0,0,0,0.0,0.0
243,101105140,85657441,6,0,0,0,0.0,0.0
244,101105140,122511912,2,0,0,0,0.0,0.0
245,101105140,125033899,4,0,0,0,0.0,0.0
246,101105140,137922385,2,0,0,0,0.0,0.0
247,101105140,145563834,4,0,0,0,0.0,0.0
248,101105140,168299299,2,0,0,0,0.0,0.0
249,101105140,223479232,2,0,0,0,0.0,0.0
250,101105140,238284982,6,0,0,0,0.0,0.0
251,101105140,244120681,2,0,0,0,0.0,0.0
252,101105140,253532450,2,0,0,0,0.0,0.0
253,101105140,253669683,2,0,0,0,0.0,0.0
254,101105140,264225578,2,0,0,0,0.0,0.0
255,101105140,285074397,1,0,0,0,0.0,0.0
256,101105140,352519592,4,0,0,0,0.0,0.0
257,101153614,92999613,3,0,0,0,0.0,0.0
258,101153614,104202558,3,0,1,0,0.0,0.0
259,101153614,179192487,2,0,0,0,0.0,0.0
260,101153614,386062568,3,0,0,0,0.0,0.0
261,101157490,160906240,2,0,0,0,0.0,0.0
262,101157490,330807277,2,0,0,0,0.0,0.0
263,101157490,376608182,2,0,0,0,0.0,0.0
264,101157490,383320118,3,0,0,0,0.0,0.0
265,101289766,141878418,2,0,0,0,0.0,0.0
266,101321698,248241836,3,0,0,1,0.0,0.0
267,101321698,364655283,2,0,0,0,0.0,0.0
268,101366281,221226577,3,0,0,1,0.0,0.0
269,101380978,105598580,3,0,1,0,0.0,0.0
270,101380978,264462698,3,0,0,0,0.0,0.0
271,101380978,299994033,1,0,0,0,0.0,0.0
272,101380978,369761760,3,0,0,0,0.0,0.0
273,101414767,40508122,2,0,0,0,0.0,0.0
274,101414767,127252795,5,0,0,0,0.0,0.0
275,101414767,291047972,1,0,0,0,0.0,0.0
276,101479975,149526909,2,0,0,0,0.0,0.0
277,101490976,184818577,1,1,0,0,0.0,0.0
278,101619772,299836688,2,0,0,0,0.0,0.0
279,101786713,59335585,2,0,0,0,0.0,0.0
280,101792437,256788975,2,0,0,0,0.0,0.0
281,101820583,143149727,2,0,0,0,0.0,0.0
282,101820583,187050873,2,0,0,0,0.0,0.0
283,101820583,233375114,2,0,0,0,0.0,0.0
284,101820583,280993061,2,0,0,0,0.0,0.0
285,101820583,288263725,2,0,0,0,0.0,0.0
286,101820583,344861916,2,0,0,0,0.0,0.0
287,101820583,372259285,2,0,0,0,0.0,0.0
288,101820583,390634710,1,0,0,0,0.0,0.0
289,101847145,14136232,3,0,0,0,0.0,0.0
290,101847145,35132906,2,0,0,0,0.0,0.0
291,101847145,39622653,8,1,1,1,0.0,0.0
292,101847145,64788409,6,1,0,1,0.0,0.0
293,101847145,169002830,7,1,0,1,0.0,0.0
294,101847145,323898879,2,0,0,0,0.0,0.0
295,101982247,99469697,3,0,0,0,0.0,0.0
296,102011320,2149023,1,0,0,0,0.0,0.0
297,102011320,11086939,2,0,0,0,0.0,0.0
298,102011320,118394685,2,0,0,0,0.0,0.0
299,102011320,147608547,2,0,0,0,0.0,0.0
300,102011320,148921656,3,0,0,0,0.0,0.0
301,102011320,175100369,4,1,0,0,0.0,0.0
302,102011320,203038698,2,0,0,0,0.0,0.0
303,102011320,223781269,3,1,1,0,0.0,0.0
304,102011320,246838614,4,0,0,0,0.0,0.0
305,102011320,272374660,2,0,0,0,1.0,1.0
306,102011320,283400197,3,1,0,0,0.0,0.0
307,102011320,296884131,3,0,0,0,0.0,0.0
308,102011320,365659587,2,0,0,0,0.0,0.0
309,102011320,378082263,2,0,0,0,0.0,0.0
310,102033883,337343,1,0,0,0,0.0,0.0
311,102033883,7713462,1,0,0,0,0.0,0.0
312,102033883,19311246,3,0,0,0,0.0,0.0
313,102033883,24802742,1,0,0,0,0.0,0.0
314,102033883,24953909,1,1,0,0,0.0,0.0
315,102033883,30010515,1,0,0,0,0.0,0.0
316,102033883,35438060,1,0,0,0,0.0,0.0
317,102033883,36266314,1,0,0,0,0.0,0.0
318,102033883,37465825,1,0,0,0,0.0,0.0
319,102033883,38422656,1,0,0,0,0.0,0.0
320,102033883,38435334,3,0,0,0,0.0,0.0
321,102033883,38455688,1,0,0,0,0.0,0.0
322,102033883,41004912,1,1,0,0,0.0,0.0
323,102033883,45670261,1,0,0,0,0.0,0.0
324,102033883,46165649,1,0,0,0,0.0,0.0
325,102033883,46983384,1,0,0,0,0.0,0.0
326,102033883,48015682,1,0,0,0,0.0,0.0
327,102033883,48878242,1,0,0,0,0.0,0.0
328,102033883,51805675,1,0,0,0,0.0,0.0
329,102033883,55062554,1,0,0,0,0.0,0.0
330,102033883,55547012,1,0,0,0,0.0,0.0
331,102033883,66928883,1,0,0,0,0.0,0.0
332,102033883,87877081,3,1,0,0,0.0,0.0
333,102033883,102406291,1,0,0,0,0.0,0.0
334,102033883,109603577,1,0,0,0,0.0,0.0
335,102033883,122101103,1,0,0,0,0.0,0.0
336,102033883,122650484,1,0,0,0,0.0,0.0
337,102033883,123001546,1,1,0,0,0.0,0.0
338,102033883,128018806,1,0,0,0,0.0,0.0
339,102033883,130047629,1,0,0,0,0.0,0.0
340,102033883,135130889,1,0,0,0,0.0,0.0
341,102033883,137532114,1,0,0,0,0.0,0.0
342,102033883,143054991,1,0,0,0,0.0,0.0
343,102033883,152424066,1,1,0,0,0.0,0.0
344,102033883,154135182,1,0,0,0,0.0,0.0
345,102033883,156218112,1,0,0,0,0.0,0.0
346,102033883,163153850,1,1,0,0,0.0,0.0
347,102033883,163620622,3,0,0,0,0.0,0.0
348,102033883,169383785,1,0,0,0,0.0,0.0
349,102033883,183624985,1,0,0,0,0.0,0.0
350,102033883,193278249,1,0,0,0,0.0,0.0
351,102033883,194979160,1,1,0,0,0.0,0.0
352,102033883,199885380,3,1,0,0,0.0,0.0
353,102033883,205107182,3,0,0,0,0.0,0.0
354,102033883,213019703,1,0,0,0,0.0,0.0
355,102033883,213676874,1,0,0,0,0.0,0.0
356,102033883,214120518,1,0,0,0,0.0,0.0
357,102033883,217161437,1,0,0,0,0.0,0.0
358,102033883,217950475,1,0,0,0,0.0,0.0
359,102033883,219500251,1,1,0,0,0.0,0.0
360,102033883,222652206,1,0,0,0,0.0,0.0
361,102033883,223371445,1,0,0,0,0.0,0.0
362,102033883,223463044,1,0,0,0,0.0,0.0
363,102033883,235664089,1,0,0,0,0.0,0.0
364,102033883,243935287,1,0,0,0,0.0,0.0
365,102033883,244540192,1,0,0,0,0.0,0.0
366,102033883,249720625,1,0,0,0,0.0,0.0
367,102033883,256967637,1,0,0,0,0.0,0.0
368,102033883,259273183,1,0,0,0,0.0,0.0
369,102033883,263026882,1,0,0,0,0.0,0.0
370,102033883,265120688,1,0,0,0,0.0,0.0
371,102033883,266075382,1,0,0,0,0.0,0.0
372,102033883,287403742,1,0,0,0,0.0,0.0
373,102033883,288687807,1,0,0,0,0.0,0.0
374,102033883,297890296,1,0,0,0,0.0,0.0
375,102033883,301737299,1,0,0,0,0.0,0.0
376,102033883,311377654,1,0,0,0,0.0,0.0
377,102033883,314324567,3,0,0,0,0.0,0.0
378,102033883,319119636,1,0,0,0,0.0,0.0
379,102033883,320027125,1,0,0,0,0.0,0.0
380,102033883,344105586,1,0,0,0,0.0,0.0
381,102033883,348132562,3,1,0,0,0.0,0.0
382,102033883,350713067,1,0,0,0,0.0,0.0
383,102033883,359213317,1,1,0,0,0.0,0.0
384,102033883,365100372,1,0,0,0,0.0,0.0
385,102033883,365163622,3,0,0,0,0.0,0.0
386,102033883,372096038,1,0,0,0,0.0,0.0
387,102033883,377738666,1,0,0,0,0.0,0.0
388,102033883,381611849,1,0,0,0,0.0,0.0
389,102033883,384746593,1,0,0,0,0.0,0.0
390,102033883,396642542,1,0,0,0,0.0,0.0
391,102033883,398602548,1,0,0,0,0.0,0.0
392,102041659,111359737,3,0,0,0,0.0,0.0
393,102041659,123601142,1,0,0,0,0.0,0.0
394,102041659,160909718,3,0,0,0,0.0,0.0
395,102041659,170742994,1,0,0,0,0.0,0.0
396,102041659,244596513,1,0,0,0,0.0,0.0
397,102041659,281800270,5,0,0,0,0.0,0.0
398,102041659,335961429,5,0,0,0,0.0,0.0
399,102041659,365822252,1,0,0,0,0.0,0.0
400,102079825,36794621,2,0,0,0,0.0,0.0
401,102079825,63999378,2,0,0,0,0.0,0.0
402,102079825,74057544,3,0,0,0,0.0,0.0
403,102079825,99665649,2,0,0,0,0.0,0.0
404,102079825,115198752,3,0,0,0,0.0,0.0
405,102079825,170105877,3,0,0,0,0.0,0.0
406,102079825,193576910,1,0,0,0,0.0,0.0
407,102079825,296574413,2,0,0,0,0.0,0.0
408,102079825,316994771,2,0,0,0,0.0,0.0
409,102079825,349366690,4,0,0,0,0.0,0.0
410,102079825,361851704,5,0,0,0,0.0,0.0
411,102079825,404416995,2,0,0,0,0.0,0.0
412,102105235,51811597,3,0,0,0,0.0,0.0
413,102115747,1079317,2,1,0,0,0.0,0.0
414,102115747,6524312,2,0,0,0,0.0,0.0
415,102115747,29528530,1,0,0,0,0.0,0.0
416,102115747,94542996,6,1,0,0,0.0,0.0
417,102115747,123991673,2,0,0,0,0.0,0.0
418,102115747,138591744,2,0,0,0,0.0,0.0
419,102115747,142041279,8,0,0,0,0.0,0.0
420,102115747,166665553,2,0,0,0,0.0,0.0
421,102115747,303158857,3,0,0,0,0.0,0.0
422,102420034,125666923,3,0,0,0,0.0,0.0
423,102422770,31501761,1,0,0,0,0.0,0.0
424,102434536,242727811,5,0,0,0,0.0,0.0
425,102443404,169506030,1,0,0,0,0.0,0.0
426,102443404,172858499,3,0,0,0,0.0,0.0
427,102443404,173838813,2,0,0,0,0.0,0.0
428,102443404,362786502,3,0,0,0,0.0,0.0
429,102466261,68239993,3,0,0,0,0.0,0.0
430,102510358,120704780,1,0,0,0,0.0,0.0
431,102510358,164480479,2,0,0,0,0.0,0.0
432,102510358,213693333,2,0,0,0,0.0,0.0
433,102510358,224734629,1,0,0,0,0.0,0.0
434,102510358,275942413,3,0,0,0,0.0,0.0
435,102510358,298281184,1,0,0,0,0.0,0.0
436,102510358,300504223,2,0,0,0,0.0,0.0
437,102510358,346676117,2,0,0,0,0.0,0.0
438,102510358,351069490,2,0,0,0,0.0,0.0
439,102510358,385371754,1,0,0,0,0.0,0.0
440,102510358,396528650,2,0,0,0,0.0,0.0
441,102823423,14033372,2,0,0,0,0.0,0.0
442,102823423,14236294,5,0,0,0,0.0,0.0
443,102823423,25442860,1,0,0,0,0.0,0.0
444,102823423,40683334,1,0,0,0,0.0,0.0
445,102823423,76256730,3,0,0,0,0.0,0.0
446,102823423,78492673,2,0,0,0,0.0,0.0
447,102823423,88633708,2,0,0,0,0.0,0.0
448,102823423,105148154,8,0,0,0,0.0,0.0
449,102823423,129209559,2,0,0,0,0.0,0.0
450,102823423,129534825,3,0,0,0,0.0,0.0
451,102823423,135805846,5,0,1,0,0.0,0.0
452,102823423,150974330,3,0,0,0,0.0,0.0
453,102823423,184398598,2,0,0,0,0.0,0.0
454,102823423,187445271,3,0,0,0,0.0,0.0
455,102823423,197914667,1,0,0,0,0.0,0.0
456,102823423,208393698,2,0,0,0,0.0,0.0
457,102823423,208473996,2,0,1,0,0.0,0.0
458,102823423,218815677,2,0,0,0,0.0,0.0
459,102823423,219878134,2,0,0,0,0.0,0.0
460,102823423,226789874,6,0,1,0,0.0,0.0
461,102823423,241867528,1,0,0,0,0.0,0.0
462,102823423,253490266,4,0,0,0,0.0,0.0
463,102823423,262775419,3,0,0,0,0.0,0.0
464,102823423,267008430,2,0,0,0,0.0,0.0
465,102823423,270914718,3,0,1,0,0.0,0.0
466,102823423,273516989,2,0,0,0,0.0,0.0
467,102823423,275157580,4,0,0,0,0.0,0.0
468,102823423,275634610,1,0,0,0,0.0,0.0
469,102823423,277684807,4,0,1,0,0.0,0.0
470,102823423,295266745,2,0,0,0,0.0,0.0
471,102823423,298622447,4,0,0,0,0.0,0.0
472,102823423,319838973,1,0,0,0,0.0,0.0
473,102823423,320221428,2,0,0,0,0.0,0.0
474,102823423,330059295,1,0,0,0,0.0,0.0
475,102823423,330776014,6,0,1,0,0.0,0.0
476,102823423,340264193,2,0,0,0,0.0,0.0
477,102823423,341131589,2,0,0,0,0.0,0.0
478,102823423,353461260,5,0,0,0,0.0,0.0
479,102823423,380896855,1,0,0,0,0.0,0.0
480,102823423,392902083,4,0,0,0,0.0,0.0
481,102823423,401731623,3,0,0,0,0.0,0.0
482,102856393,56784076,2,1,0,0,0.0,0.0
483,102856393,92385966,1,0,0,0,0.0,0.0
484,102856393,93213280,2,0,0,0,0.0,0.0
485,102856393,95489297,2,0,0,0,0.0,0.0
486,102856393,169990985,2,0,0,0,0.0,0.0
487,102856393,189420933,2,0,0,0,0.0,0.0
488,102856393,223371445,2,0,0,0,0.0,0.0
489,102856393,247550928,2,0,0,0,0.0,0.0
490,102856393,279854192,2,0,0,0,0.0,0.0
491,102856393,284981420,2,0,0,0,0.0,0.0
492,102856393,338937782,2,0,0,0,0.0,0.0
493,102856393,358623059,2,0,0,0,0.0,0.0
494,102856393,379065778,2,0,0,0,0.0,0.0
495,102868558,45386942,1,0,0,0,0.0,0.0
496,102868558,105209861,3,0,0,0,0.0,0.0
497,102868558,140522918,1,0,0,0,0.0,0.0
498,102868558,157984068,1,0,0,0,0.0,0.0
499,102868558,255887101,1,0,0,0,0.0,0.0
500,102868558,263556236,3,0,0,0,0.0,0.0
501,102868558,282975735,1,0,0,0,0.0,0.0
502,102868558,306841124,1,0,0,0,0.0,0.0
503,102868558,309827256,1,0,0,0,0.0,0.0
504,102868558,339865254,1,0,0,0,0.0,0.0
505,102868558,345641385,1,0,0,0,0.0,0.0
506,102868558,352538426,1,0,0,0,0.0,0.0
507,103033579,15813745,1,0,0,0,0.0,0.0
508,103033579,34206668,2,1,0,0,0.0,0.0
509,103033579,44375378,3,0,0,0,0.0,0.0
510,103033579,93336990,2,0,0,0,0.0,0.0
511,103033579,101986252,1,0,0,0,0.0,0.0
512,103033579,226229372,2,0,0,0,0.0,0.0
513,103033579,228266889,1,0,0,0,0.0,0.0
514,103033579,243457365,2,0,0,0,0.0,0.0
515,103033579,251987605,2,0,0,0,0.0,0.0
516,103033579,303625840,2,0,0,0,0.0,0.0
517,103033579,311499944,2,0,0,0,0.0,0.0
518,103033579,336693505,2,0,0,0,0.0,0.0
519,103033579,365978782,2,0,0,0,0.0,0.0
520,103033579,374890725,2,0,0,0,0.0,0.0
521,103044784,161028674,1,0,0,0,0.0,0.0
522,103044784,200695527,1,0,0,0,0.0,0.0
523,103044784,266724283,1,0,0,0,0.0,0.0
524,103044784,276300354,1,0,0,0,0.0,0.0
525,103044784,278068348,1,0,0,0,0.0,0.0
526,103044784,330909280,1,0,0,0,0.0,0.0
527,103044784,354347179,2,0,0,0,0.0,0.0
528,103076224,126088143,2,1,0,0,0.0,0.0
529,103076224,179247355,2,0,0,0,0.0,0.0
530,103076224,229136276,3,1,0,0,0.0,0.0
531,103076224,374452527,2,0,0,0,0.0,0.0
532,103226533,47303239,3,0,0,0,0.0,0.0
533,103226932,222106347,2,0,0,0,0.0,0.0
534,103226932,235388394,2,0,0,0,0.0,0.0
535,103226932,374113039,2,0,0,0,0.0,0.0
536,103456642,187633817,3,1,0,0,0.0,0.0
537,103490614,236331085,4,0,0,0,0.0,0.0
538,103685659,119129966,3,0,0,0,0.0,0.0
539,103685659,140408309,2,0,0,0,0.0,0.0
540,103685659,275384437,2,0,0,1,0.0,0.0
541,103685659,315306381,1,0,0,0,0.0,0.0
542,103685659,381033669,2,0,0,0,0.0,0.0
543,103685659,398629105,3,0,0,0,0.0,0.0
544,103804138,393030453,2,0,0,0,0.0,0.0
545,103804138,395200199,2,0,0,0,0.0,0.0
546,103832272,118595236,1,0,0,0,0.0,0.0
547,103832272,331111837,1,0,0,0,0.0,0.0
548,103832272,343611241,1,0,0,0,0.0,0.0
549,103987519,373223333,2,0,0,0,0.0,0.0
550,103995979,6161168,2,0,0,0,0.0,0.0
551,104066491,4021731,2,0,0,0,0.0,0.0
552,104066491,34542919,2,0,0,0,0.0,0.0
553,104066491,102245691,2,0,0,0,0.0,0.0
554,104066491,115426542,2,0,0,0,0.0,0.0
555,104066491,133856812,2,0,0,0,0.0,0.0
556,104066491,228804238,2,0,0,0,0.0,0.0
557,104066491,301608824,2,0,0,0,0.0,0.0
558,104066491,320096178,2,0,0,0,0.0,0.0
559,104066491,345988329,2,0,0,0,0.0,0.0
560,104066491,388554103,2,0,0,0,0.0,0.0
561,104066491,396699368,2,0,0,0,0.0,0.0
562,104066491,403391848,2,0,0,0,0.0,0.0
563,104078656,271655088,1,0,0,0,0.0,0.0
564,104078656,355477954,1,0,0,0,0.0,0.0
565,104182726,31221299,2,0,0,0,0.0,0.0
566,104182726,36764956,3,0,0,0,0.0,0.0
567,104182726,56660352,2,0,0,0,0.0,0.0
568,104182726,65718117,2,0,0,0,0.0,0.0
569,104182726,194116011,6,0,1,0,0.0,0.0
570,104182726,216371607,2,0,0,0,0.0,0.0
571,104182726,225548397,2,0,0,0,0.0,0.0
572,104182726,244775434,1,0,0,0,0.0,0.0
573,104182726,259678005,2,0,0,0,0.0,0.0
574,104182726,271134215,2,0,0,0,0.0,0.0
575,104182726,302385934,1,0,0,0,0.0,0.0
576,104182726,307736736,1,0,0,0,0.0,0.0
577,104182726,308651302,2,0,0,0,0.0,0.0
578,104182726,314513232,17,0,0,0,0.0,0.0
579,104182726,340791032,2,0,0,0,0.0,0.0
580,104182726,352148203,6,0,0,1,0.0,0.0
581,104182726,366945010,3,0,0,0,0.0,0.0
582,104182726,385608350,1,0,0,0,0.0,0.0
583,104182726,399318635,1,0,0,0,0.0,0.0
584,104182726,403141399,2,0,0,0,0.0,0.0
585,104258353,315075339,2,0,0,0,0.0,0.0
586,104393455,15154421,8,0,0,0,0.0,0.0
587,104393455,45542945,3,0,0,0,0.0,0.0
588,104393455,67764835,7,0,0,1,0.0,0.0
589,104393455,71072005,2,0,0,0,0.0,0.0
590,104393455,84252894,3,0,0,0,0.0,0.0
591,104393455,209454485,4,0,0,0,0.0,0.0
592,104393455,239016705,1,0,0,0,0.0,0.0
593,104393455,273048796,2,0,0,0,0.0,0.0
594,104393455,388731392,4,0,0,0,0.0,0.0
595,104395108,76478799,1,0,0,0,0.0,0.0
596,104395108,163526229,2,0,0,0,0.0,0.0
597,104450296,114814451,1,0,0,0,0.0,0.0
598,104450296,170954843,1,0,0,0,0.0,0.0
599,104450296,190228780,1,0,0,0,0.0,0.0
600,104450296,205994113,1,0,0,0,0.0,0.0
601,104450296,216777625,1,0,0,0,0.0,0.0
602,104450296,401696041,1,0,0,0,0.0,0.0
603,104450296,404330725,1,0,0,0,0.0,0.0
604,104454286,89741643,4,0,0,0,0.0,0.0
605,104454286,157984068,2,0,0,0,0.0,0.0
606,104479195,4613036,1,0,0,0,0.0,0.0
607,104479195,5759448,1,0,0,0,0.0,0.0
608,104479195,9766404,3,0,0,0,0.0,0.0
609,104479195,16197250,1,0,0,0,0.0,0.0
610,104479195,18034173,1,0,0,0,0.0,0.0
611,104479195,18170459,1,0,0,0,0.0,0.0
612,104479195,18913002,1,0,0,0,0.0,0.0
613,104479195,25793338,3,0,0,0,0.0,0.0
614,104479195,29485865,3,0,0,0,0.0,0.0
615,104479195,42758945,1,0,0,0,0.0,0.0
616,104479195,44151113,3,0,0,0,0.0,0.0
617,104479195,49817697,1,0,0,0,0.0,0.0
618,104479195,50959687,3,0,0,0,0.0,0.0
619,104479195,56290131,1,0,0,0,0.0,0.0
620,104479195,58042703,1,0,0,0,0.0,0.0
621,104479195,63840223,1,0,0,0,0.0,0.0
622,104479195,74977824,3,0,0,0,0.0,0.0
623,104479195,79750204,1,0,0,0,0.0,0.0
624,104479195,81687395,1,0,0,0,0.0,0.0
625,104479195,83293539,1,0,0,0,0.0,0.0
626,104479195,97517742,1,0,0,0,0.0,0.0
627,104479195,105241416,3,0,0,0,0.0,0.0
628,104479195,112434350,1,0,0,0,0.0,0.0
629,104479195,113202568,1,0,0,0,0.0,0.0
630,104479195,117426890,2,0,0,0,0.0,0.0
631,104479195,120708800,3,0,0,0,0.0,0.0
632,104479195,127543378,2,0,0,0,0.0,0.0
633,104479195,128502613,1,0,0,0,0.0,0.0
634,104479195,144910607,1,0,0,0,0.0,0.0
635,104479195,165071952,3,0,0,0,0.0,0.0
636,104479195,174978576,1,0,0,0,0.0,0.0
637,104479195,175796232,7,0,0,1,0.0,0.0
638,104479195,176153428,3,0,0,0,0.0,0.0
639,104479195,177951966,1,0,0,0,0.0,0.0
640,104479195,180306269,1,0,0,0,0.0,0.0
641,104479195,184560210,1,0,0,0,0.0,0.0
642,104479195,187200805,1,0,0,0,0.0,0.0
643,104479195,187337963,3,0,0,0,0.0,0.0
644,104479195,188336401,2,0,0,0,0.0,0.0
645,104479195,199334748,1,0,0,0,0.0,0.0
646,104479195,205447805,1,0,0,0,0.0,0.0
647,104479195,213502874,1,0,0,0,0.0,0.0
648,104479195,221019408,1,0,0,0,0.0,0.0
649,104479195,222210138,1,0,0,0,0.0,0.0
650,104479195,230608726,1,0,0,0,0.0,0.0
651,104479195,233378284,1,0,0,0,0.0,0.0
652,104479195,235563685,1,0,0,0,0.0,0.0
653,104479195,242464889,3,0,0,0,0.0,0.0
654,104479195,253467297,3,0,0,0,0.0,0.0
655,104479195,259013587,1,0,0,0,0.0,0.0
656,104479195,262043769,8,0,1,1,0.0,0.0
657,104479195,264344706,3,0,1,0,0.0,0.0
658,104479195,265122669,3,0,0,0,0.0,0.0
659,104479195,267818285,1,0,0,0,0.0,0.0
660,104479195,270663751,1,0,0,0,0.0,0.0
661,104479195,272150082,1,0,0,0,0.0,0.0
662,104479195,281071284,3,0,1,0,0.0,0.0
663,104479195,300354020,3,0,0,0,0.0,0.0
664,104479195,303205878,5,0,1,0,0.0,0.0
665,104479195,309488447,3,0,0,0,0.0,0.0
666,104479195,313611675,1,0,0,0,0.0,0.0
667,104479195,315015802,0,0,1,0,0.0,0.0
668,104479195,320525658,1,0,0,0,0.0,0.0
669,104479195,323582185,3,0,0,0,0.0,0.0
670,104479195,327046197,1,0,0,0,0.0,0.0
671,104479195,327610712,1,0,0,0,0.0,0.0
672,104479195,337120998,1,0,0,0,0.0,0.0
673,104479195,342136262,3,0,0,0,0.0,0.0
674,104479195,345845463,4,0,0,0,0.0,0.0
675,104479195,369165889,1,0,0,0,0.0,0.0
676,104479195,369489666,1,0,0,0,0.0,0.0
677,104479195,384365011,1,0,0,0,0.0,0.0
678,104479195,402303180,4,0,0,0,0.0,0.0
679,104492647,255563290,1,0,0,0,0.0,0.0
680,104746432,128456327,2,0,0,0,0.0,0.0
681,104960101,307830817,1,0,0,0,0.0,0.0
682,104982265,2877132,1,0,0,0,0.0,0.0
683,104982265,6128425,1,0,0,0,0.0,0.0
684,104982265,8758831,2,0,0,0,0.0,0.0
685,104982265,8822109,2,0,0,0,0.0,0.0
686,104982265,10326983,3,0,0,0,0.0,0.0
687,104982265,24229785,1,0,0,0,0.0,0.0
688,104982265,24609199,1,0,0,0,0.0,0.0
689,104982265,28620427,1,0,0,0,0.0,0.0
690,104982265,30758247,4,0,0,0,0.0,0.0
691,104982265,33469992,1,0,0,0,0.0,0.0
692,104982265,36041098,1,0,0,0,0.0,0.0
693,104982265,40209138,1,0,0,0,0.0,0.0
694,104982265,42889921,1,0,0,0,0.0,0.0
695,104982265,48885471,1,0,0,0,0.0,0.0
696,104982265,49782817,1,0,0,0,0.0,0.0
697,104982265,63893646,1,0,0,0,0.0,0.0
698,104982265,66865080,1,0,0,0,0.0,0.0
699,104982265,68975926,3,0,0,0,0.0,0.0
700,104982265,72415145,1,0,0,0,0.0,0.0
701,104982265,74748628,1,0,0,0,0.0,0.0
702,104982265,79308315,3,0,0,0,0.0,0.0
703,104982265,79969507,1,0,0,0,0.0,0.0
704,104982265,100646795,1,0,0,0,0.0,0.0
705,104982265,100711267,1,0,0,0,0.0,0.0
706,104982265,106958887,1,0,0,0,0.0,0.0
707,104982265,107775000,1,0,0,0,0.0,0.0
708,104982265,107836799,1,0,0,0,0.0,0.0
709,104982265,111690096,1,0,0,0,0.0,0.0
710,104982265,112019547,2,0,0,0,0.0,0.0
711,104982265,115477002,1,0,0,0,0.0,0.0
712,104982265,116079891,1,0,0,0,0.0,0.0
713,104982265,120830469,1,0,0,0,0.0,0.0
714,104982265,124423909,1,0,0,0,0.0,0.0
715,104982265,134538009,3,0,0,0,0.0,0.0
716,104982265,136022156,1,0,0,0,0.0,0.0
717,104982265,140581633,2,0,0,0,0.0,0.0
718,104982265,147986081,1,0,0,0,0.0,0.0
719,104982265,148672417,1,0,0,0,0.0,0.0
720,104982265,148930624,1,0,0,0,0.0,0.0
721,104982265,155319702,2,0,0,0,0.0,0.0
722,104982265,166577841,1,0,0,0,0.0,0.0
723,104982265,166780050,4,0,0,0,0.0,0.0
724,104982265,167248512,1,0,0,0,0.0,0.0
725,104982265,186602834,2,0,0,0,0.0,0.0
726,104982265,190097192,1,0,0,0,0.0,0.0
727,104982265,193154983,3,0,0,0,0.0,0.0
728,104982265,194459504,1,0,0,0,0.0,0.0
729,104982265,213735595,2,0,0,0,0.0,0.0
730,104982265,215673829,1,0,0,0,0.0,0.0
731,104982265,218110352,1,0,0,0,0.0,0.0
732,104982265,218445094,1,0,0,0,0.0,0.0
733,104982265,225772792,1,0,0,0,0.0,0.0
734,104982265,233230445,1,0,0,0,0.0,0.0
735,104982265,234488870,1,0,0,0,0.0,0.0
736,104982265,235748618,1,0,0,0,0.0,0.0
737,104982265,236034240,1,0,0,0,0.0,0.0
738,104982265,239400534,1,0,0,0,0.0,0.0
739,104982265,243314899,1,0,0,0,0.0,0.0
740,104982265,247422579,1,0,0,0,0.0,0.0
741,104982265,248841979,3,0,0,0,0.0,0.0
742,104982265,251166439,1,0,0,0,0.0,0.0
743,104982265,252128753,1,0,0,0,0.0,0.0
744,104982265,254869737,1,0,0,0,0.0,0.0
745,104982265,254977628,1,0,0,0,0.0,0.0
746,104982265,258524339,1,0,0,0,0.0,0.0
747,104982265,263261252,1,0,0,0,0.0,0.0
748,104982265,266078247,1,0,0,0,0.0,0.0
749,104982265,266642677,3,0,0,0,0.0,0.0
750,104982265,267215483,2,0,0,0,0.0,0.0
751,104982265,285705785,1,0,0,0,0.0,0.0
752,104982265,287023264,1,0,0,0,0.0,0.0
753,104982265,289319771,1,0,0,0,0.0,0.0
754,104982265,292528773,1,0,0,0,0.0,0.0
755,104982265,297034931,1,0,0,0,0.0,0.0
756,104982265,299172388,2,0,0,0,0.0,0.0
757,104982265,299584538,1,0,0,0,0.0,0.0
758,104982265,300644855,1,0,0,0,0.0,0.0
759,104982265,301934417,4,0,0,0,0.0,0.0
760,104982265,304066724,1,0,0,0,0.0,0.0
761,104982265,304393504,1,0,0,0,0.0,0.0
762,104982265,307356756,1,0,0,0,0.0,0.0
763,104982265,308526287,2,0,0,0,0.0,0.0
764,104982265,311142211,1,0,0,0,0.0,0.0
765,104982265,315098394,1,0,0,0,0.0,0.0
766,104982265,322578658,3,0,0,0,0.0,0.0
767,104982265,322704730,1,0,0,0,0.0,0.0
768,104982265,332182030,1,0,0,0,0.0,0.0
769,104982265,332589009,1,0,0,0,0.0,0.0
770,104982265,342920062,4,0,0,0,0.0,0.0
771,104982265,343851197,2,0,0,0,0.0,0.0
772,104982265,356768044,1,0,0,0,0.0,0.0
773,104982265,359437180,1,0,0,0,0.0,0.0
774,104982265,360283176,2,0,0,0,0.0,0.0
775,104982265,370218842,3,0,0,0,0.0,0.0
776,104982265,371718882,1,0,0,0,0.0,0.0
777,104982265,372257649,3,0,0,0,0.0,0.0
778,104982265,373791714,1,0,0,0,0.0,0.0
779,104982265,377729662,1,0,0,0,0.0,0.0
780,104982265,378541710,2,0,0,0,0.0,0.0
781,104982265,382117778,1,0,0,0,0.0,0.0
782,104982265,384359476,1,0,0,0,0.0,0.0
783,104982265,385557791,3,0,0,0,0.0,0.0
784,104982265,390155968,3,0,0,0,0.0,0.0
785,104982265,390691510,3,0,0,0,0.0,0.0
786,104982265,392394019,3,0,0,0,0.0,0.0
787,104982265,394131748,1,0,0,0,0.0,0.0
788,104982265,402143651,1,0,0,0,0.0,0.0
789,104982265,402383072,5,0,0,0,0.0,0.0
790,104991133,236581900,1,0,0,0,0.0,0.0
791,105132614,305355454,2,0,0,0,0.0,0.0
792,105132614,330807277,2,0,0,0,0.0,0.0
793,105140276,371285953,4,0,0,0,0.0,0.0
794,105254663,47726888,2,0,0,0,0.0,0.0
795,105254663,163340476,2,0,0,0,0.0,0.0
796,105265070,152729555,3,0,0,0,0.0,0.0
797,105265070,245083938,3,0,0,0,0.0,0.0
798,105265070,343575787,3,0,0,0,0.0,0.0
799,105307832,377196944,2,0,0,0,0.0,0.0
800,105315608,2357333,1,0,0,0,0.0,0.0
801,105315608,10261639,2,0,1,0,0.0,0.0
802,105315608,16566737,2,0,0,0,0.0,0.0
803,105315608,20650412,3,0,0,0,0.0,0.0
804,105315608,31073638,3,0,0,0,0.0,0.0
805,105315608,38781838,2,0,0,0,0.0,0.0
806,105315608,49517993,2,0,0,0,0.0,0.0
807,105315608,52694331,3,0,0,0,0.0,0.0
808,105315608,53738139,8,0,0,0,0.0,0.0
809,105315608,59849189,2,0,0,0,0.0,0.0
810,105315608,65682830,2,0,0,0,0.0,0.0
811,105315608,67732993,6,0,0,0,0.0,0.0
812,105315608,75283615,2,0,0,0,0.0,0.0
813,105315608,84456775,2,0,1,0,0.0,0.0
814,105315608,85128217,2,0,0,0,0.0,0.0
815,105315608,85651677,1,0,0,0,0.0,0.0
816,105315608,85729855,2,0,0,0,0.0,0.0
817,105315608,88240437,2,0,0,0,0.0,0.0
818,105315608,99141854,2,0,0,0,0.0,0.0
819,105315608,104021823,4,0,0,0,0.0,0.0
820,105315608,109203841,6,0,0,0,0.0,0.0
821,105315608,111123790,2,0,0,0,0.0,0.0
822,105315608,111421611,2,0,0,0,0.0,0.0
823,105315608,111426347,2,0,0,0,0.0,0.0
824,105315608,111663276,2,0,1,0,0.0,0.0
825,105315608,113252588,2,0,0,0,0.0,0.0
826,105315608,114524561,6,0,0,0,0.0,0.0
827,105315608,118938044,2,0,0,0,0.0,0.0
828,105315608,124007014,2,0,0,0,0.0,0.0
829,105315608,125368449,2,0,0,0,0.0,0.0
830,105315608,125941364,2,0,0,0,0.0,0.0
831,105315608,126429127,2,0,0,0,0.0,0.0
832,105315608,127249359,5,0,0,0,0.0,0.0
833,105315608,128948301,2,0,0,0,0.0,0.0
834,105315608,129286240,4,0,0,0,0.0,0.0
835,105315608,135074805,9,0,0,0,0.0,0.0
836,105315608,157607764,3,0,0,0,0.0,0.0
837,105315608,157653521,2,0,0,0,0.0,0.0
838,105315608,158906364,4,0,0,0,0.0,0.0
839,105315608,160246866,3,0,0,0,0.0,0.0
840,105315608,161277024,3,0,0,0,0.0,0.0
841,105315608,171445787,10,0,0,0,0.0,0.0
842,105315608,177836396,2,0,0,0,0.0,0.0
843,105315608,178198015,2,0,0,0,0.0,0.0
844,105315608,178617062,2,0,0,0,0.0,0.0
845,105315608,186863577,2,0,0,0,0.0,0.0
846,105315608,187216383,3,0,0,0,0.0,0.0
847,105315608,194666337,2,0,0,0,0.0,0.0
848,105315608,197757650,3,0,0,0,0.0,0.0
849,105315608,199668203,2,0,0,0,0.0,0.0
850,105315608,205545006,2,0,1,0,0.0,0.0
851,105315608,207226462,5,0,0,0,0.0,0.0
852,105315608,209065864,2,0,0,0,0.0,0.0
853,105315608,214520712,2,0,0,0,0.0,0.0
854,105315608,216356600,2,0,0,0,0.0,0.0
855,105315608,236278205,1,0,0,0,0.0,0.0
856,105315608,239871745,7,1,0,0,0.0,0.0
857,105315608,239958914,1,0,0,0,0.0,0.0
858,105315608,240913087,2,0,1,0,0.0,0.0
859,105315608,243511050,2,0,0,0,0.0,0.0
860,105315608,246830162,2,0,0,0,0.0,0.0
861,105315608,251650536,2,0,0,0,0.0,0.0
862,105315608,265848864,2,0,0,0,0.0,0.0
863,105315608,267576006,1,0,0,0,0.0,0.0
864,105315608,268488417,3,0,0,0,0.0,0.0
865,105315608,270118183,2,0,0,0,0.0,0.0
866,105315608,270703721,2,0,0,0,0.0,0.0
867,105315608,276267426,3,0,0,0,0.0,0.0
868,105315608,285851526,5,0,0,0,0.0,0.0
869,105315608,286623026,3,0,0,0,0.0,0.0
870,105315608,294855790,6,0,0,0,0.0,0.0
871,105315608,296607838,3,0,0,0,0.0,0.0
872,105315608,303379040,3,0,0,0,0.0,0.0
873,105315608,303713964,2,0,0,0,0.0,0.0
874,105315608,307332794,2,0,1,0,0.0,0.0
875,105315608,313297014,3,0,0,0,0.0,0.0
876,105315608,315063091,2,0,0,0,0.0,0.0
877,105315608,317181895,1,0,0,0,0.0,0.0
878,105315608,322995794,2,0,0,0,0.0,0.0
879,105315608,328654831,2,0,0,0,0.0,0.0
880,105315608,331216903,1,0,0,0,0.0,0.0
881,105315608,331618222,2,0,0,0,0.0,0.0
882,105315608,333253243,1,0,0,0,0.0,0.0
883,105315608,334697522,2,0,0,0,0.0,0.0
884,105315608,335736575,1,0,1,0,0.0,0.0
885,105315608,337245491,3,0,0,0,0.0,0.0
886,105315608,338025853,4,0,0,0,0.0,0.0
887,105315608,342644322,2,0,0,0,0.0,0.0
888,105315608,348572217,2,0,0,0,0.0,0.0
889,105315608,348644173,2,0,0,0,0.0,0.0
890,105315608,355239882,2,0,0,0,0.0,0.0
891,105315608,356311375,2,0,0,0,0.0,0.0
892,105315608,357608288,1,0,0,0,0.0,0.0
893,105315608,367381496,2,0,0,0,0.0,0.0
894,105315608,369788815,2,0,0,0,0.0,0.0
895,105315608,370482485,2,0,0,0,0.0,0.0
896,105315608,371626456,3,0,1,0,0.0,0.0
897,105315608,372855236,2,0,0,0,0.0,0.0
898,105315608,373241695,2,0,0,0,0.0,0.0
899,105315608,378881335,3,0,0,0,0.0,0.0
900,105315608,379324595,2,0,1,0,0.0,0.0
901,105315608,389742191,2,0,0,0,0.0,0.0
902,105315608,391528720,2,0,0,0,0.0,0.0
903,105315608,393803486,3,0,0,0,0.0,0.0
904,105315608,397558499,2,0,0,0,0.0,0.0
905,105315608,397803506,12,0,0,1,0.0,0.0
906,105315608,400445903,2,0,0,0,0.0,0.0
907,105315608,401705703,2,0,0,0,0.0,0.0
908,105315608,401774092,2,0,0,0,0.0,0.0
909,105315608,401796360,2,0,0,0,0.0,0.0
910,105410696,67645358,4,0,0,0,0.0,0.0
911,105410696,99445889,3,1,0,0,0.0,0.0
912,105410696,130783597,5,0,0,0,0.0,0.0
913,105410696,225736168,2,0,0,0,0.0,0.0
914,105410696,229789257,2,1,0,0,0.0,0.0
915,105410696,257185594,2,0,0,0,0.0,0.0
916,105410696,306540092,3,0,0,0,0.0,0.0
917,105410696,320134083,2,0,0,0,0.0,0.0
918,105410696,357450691,1,0,0,0,0.0,0.0
919,105410696,360904269,3,1,0,0,0.0,0.0
920,105410696,366048967,2,1,0,0,0.0,0.0
921,105615815,189858270,1,0,0,0,0.0,0.0
922,105615815,262542691,1,0,0,0,0.0,0.0
923,105615815,304935434,5,0,0,0,0.0,0.0
924,105615815,333379284,1,0,0,0,0.0,0.0
925,105615815,363480827,1,0,0,0,0.0,0.0
926,105615815,368025642,1,0,0,0,0.0,0.0
927,105615815,400914589,1,0,0,0,0.0,0.0
928,105723761,101224018,2,0,0,0,0.0,0.0
929,105726659,9081975,2,0,1,1,0.0,0.0
930,105726659,61064707,2,0,0,1,0.0,0.0
931,105726659,150429306,3,0,1,1,0.0,0.0
932,105726659,192311592,0,0,1,0,0.0,0.0
933,105726659,230177216,4,0,0,1,0.0,0.0
934,105726659,249330336,2,0,0,0,0.0,0.0
935,105726659,326626385,4,0,0,0,0.0,0.0
936,105726659,388333999,0,0,1,0,0.0,0.0
937,105726659,391777162,3,0,0,1,0.0,0.0
938,105726659,397425291,5,0,0,1,0.0,0.0
939,105731936,49993073,3,0,0,0,0.0,0.0
940,105731936,104883287,1,0,0,0,0.0,0.0
941,105731936,140098198,4,0,0,1,0.0,0.0
942,105731936,258300362,3,0,0,0,0.0,0.0
943,105744281,68603009,1,1,0,0,0.0,0.0
944,105747179,144280592,2,0,0,0,0.0,0.0
945,105747179,350434415,1,1,0,0,0.0,0.0
946,105836258,10237913,1,0,0,0,0.0,0.0
947,105836258,125518814,2,0,0,0,0.0,0.0
948,105836258,130516540,4,0,0,0,0.0,0.0
949,105836258,183536954,1,0,0,0,0.0,0.0
950,105836258,218544202,1,0,0,0,0.0,0.0
951,105836258,241764607,1,0,0,0,0.0,0.0
952,105836258,281367431,1,0,0,0,0.0,0.0
953,105836258,346666876,2,0,0,0,0.0,0.0
954,105836258,398592301,2,0,0,0,0.0,0.0
955,105836657,254034813,1,0,0,0,0.0,0.0
956,105836657,403525733,2,0,0,0,0.0,0.0
957,106117718,197129079,2,0,0,0,0.0,0.0
958,106117718,334924260,3,0,0,1,0.0,0.0
959,106124534,1466560,3,0,0,0,0.0,0.0
960,106124534,202404243,1,0,0,0,0.0,0.0
961,106166372,231322962,2,0,0,0,0.0,0.0
962,106240256,27514162,1,0,0,0,0.0,0.0
963,106240256,48030609,2,0,0,0,0.0,0.0
964,106240256,49785825,2,0,0,0,0.0,0.0
965,106240256,51350006,1,0,0,0,0.0,0.0
966,106240256,75681830,9,0,0,0,0.0,0.0
967,106240256,132996058,2,0,0,0,0.0,0.0
968,106240256,133267566,2,0,0,0,0.0,0.0
969,106240256,156079162,2,0,0,0,0.0,0.0
970,106240256,187238763,2,0,0,0,0.0,0.0
971,106240256,213928274,2,0,0,0,0.0,0.0
972,106240256,237919896,1,0,0,0,0.0,0.0
973,106240256,291528447,2,0,0,0,0.0,0.0
974,106240256,305590507,4,1,0,0,0.0,0.0
975,106240256,343332483,2,0,0,0,0.0,0.0
976,106240256,385397500,2,0,0,0,0.0,0.0
977,106240256,389004177,2,0,0,0,0.0,0.0
978,106436507,132996048,2,0,0,0,0.0,0.0
979,106436507,134351417,4,0,0,1,0.0,0.0
980,106436507,310341265,7,0,0,0,0.0,0.0
981,106436507,383843755,2,0,0,0,0.0,0.0
982,106508942,10141258,3,0,0,0,0.0,0.0
983,106508942,19470335,1,0,0,0,0.0,0.0
984,106508942,21863343,7,0,0,0,0.0,0.0
985,106508942,64226679,1,0,0,0,0.0,0.0
986,106508942,69175381,2,0,0,0,0.0,0.0
987,106508942,70397669,5,0,0,0,0.0,0.0
988,106508942,89954579,3,0,0,0,0.0,0.0
989,106508942,105302358,3,0,0,0,0.0,0.0
990,106508942,106903812,1,0,0,0,0.0,0.0
991,106508942,127577133,3,0,0,0,0.0,0.0
992,106508942,152800181,3,0,0,0,0.0,0.0
993,106508942,171098570,1,0,0,0,0.0,0.0
994,106508942,188280995,1,0,0,0,0.0,0.0
995,106508942,207930185,4,0,0,0,0.0,0.0
996,106508942,208153323,4,0,1,0,0.0,0.0
997,106508942,209943391,4,0,0,0,0.0,0.0
998,106508942,233210137,1,0,0,0,0.0,0.0
999,106508942,259491051,4,0,0,0,0.0,0.0
1000,106508942,321593539,3,0,0,0,0.0,0.0
1001,106508942,353853991,3,0,0,0,0.0,0.0
1002,106508942,359887802,3,0,0,0,0.0,0.0
1003,106508942,368251803,4,0,0,0,0.0,0.0
1004,106508942,396151460,1,0,0,0,0.0,0.0
1005,106531595,203708372,2,0,0,0,0.0,0.0
1006,106533248,1461995,1,0,0,0,0.0,0.0
1007,106533248,7786934,2,0,0,0,0.0,0.0
1008,106533248,8595563,1,0,0,0,0.0,0.0
1009,106533248,30879048,3,0,0,0,0.0,0.0
1010,106533248,36482432,1,0,0,0,0.0,0.0
1011,106533248,41925361,1,0,0,0,0.0,0.0
1012,106533248,44910133,3,0,0,0,0.0,0.0
1013,106533248,46114168,3,0,0,0,0.0,0.0
1014,106533248,47538568,3,0,0,0,0.0,0.0
1015,106533248,49315431,1,0,0,0,0.0,0.0
1016,106533248,50118391,2,0,0,0,0.0,0.0
1017,106533248,67683016,2,0,0,0,0.0,0.0
1018,106533248,85241469,1,0,0,0,0.0,0.0
1019,106533248,87479397,3,0,0,0,0.0,0.0
1020,106533248,87656281,3,0,0,0,0.0,0.0
1021,106533248,89155058,3,0,0,0,0.0,0.0
1022,106533248,92206274,1,0,0,0,0.0,0.0
1023,106533248,105237661,1,0,0,0,0.0,0.0
1024,106533248,111617650,1,0,0,0,0.0,0.0
1025,106533248,111809836,1,0,0,0,0.0,0.0
1026,106533248,111988411,3,0,0,0,0.0,0.0
1027,106533248,113468882,1,0,0,0,0.0,0.0
1028,106533248,119945354,1,0,0,0,0.0,0.0
1029,106533248,138204253,4,0,0,0,0.0,0.0
1030,106533248,139578301,1,0,0,0,0.0,0.0
1031,106533248,143552138,1,0,0,0,0.0,0.0
1032,106533248,143851938,3,0,0,0,0.0,0.0
1033,106533248,166825222,1,0,0,0,0.0,0.0
1034,106533248,178473179,3,0,0,0,0.0,0.0
1035,106533248,180308383,3,0,0,0,0.0,0.0
1036,106533248,187379600,2,1,0,0,0.0,0.0
1037,106533248,189646989,2,0,0,0,0.0,0.0
1038,106533248,204196509,3,0,0,0,0.0,0.0
1039,106533248,220910516,1,0,0,0,0.0,0.0
1040,106533248,228501177,4,0,0,0,0.0,0.0
1041,106533248,246359115,1,0,0,0,0.0,0.0
1042,106533248,247446956,3,1,0,0,0.0,0.0
1043,106533248,249194503,1,0,0,0,0.0,0.0
1044,106533248,252833246,3,0,0,0,0.0,0.0
1045,106533248,261773199,1,0,0,0,0.0,0.0
1046,106533248,262895677,1,0,0,0,0.0,0.0
1047,106533248,282979033,3,1,0,0,0.0,0.0
1048,106533248,286376061,1,0,0,0,0.0,0.0
1049,106533248,302629011,1,0,0,0,0.0,0.0
1050,106533248,305619303,3,0,0,0,0.0,0.0
1051,106533248,306723219,1,0,0,0,0.0,0.0
1052,106533248,307685193,1,0,0,0,0.0,0.0
1053,106533248,332152059,2,0,0,0,0.0,0.0
1054,106533248,333663581,1,0,0,0,0.0,0.0
1055,106533248,337481237,3,0,0,0,0.0,0.0
1056,106533248,340723190,2,0,0,0,0.0,0.0
1057,106533248,342474067,1,0,0,0,0.0,0.0
1058,106533248,346801255,1,1,0,0,0.0,0.0
1059,106533248,363689488,6,0,0,0,0.0,0.0
1060,106533248,383560279,4,0,0,0,0.0,0.0
1061,106533248,386640921,2,1,0,0,0.0,0.0
1062,106533248,387013243,3,0,0,0,0.0,0.0
1063,106533248,395140587,4,0,0,0,0.0,0.0
1064,106533248,398150065,1,0,0,0,0.0,0.0
1065,106533248,399394351,3,0,0,0,0.0,0.0
1066,106579874,7828838,2,0,0,0,0.0,0.0
1067,106579874,90767623,2,0,0,0,0.0,0.0
1068,106579874,224452505,2,0,0,0,0.0,0.0
1069,106579874,240739271,2,0,0,0,0.0,0.0
1070,106579874,281650579,2,0,0,0,0.0,0.0
1071,106579874,351380681,2,0,0,0,0.0,0.0
1072,106593221,139154490,3,0,0,0,0.0,0.0
1073,106593221,199815653,3,0,0,0,0.0,0.0
1074,106678667,5155992,2,0,0,0,0.0,0.0
1075,106678667,178613389,2,0,0,0,0.0,0.0
1076,106678667,231755383,2,0,0,0,0.0,0.0
1077,106678667,269839210,2,0,0,0,0.0,0.0
1078,106778951,12295078,2,0,0,0,0.0,0.0
1079,106778951,47726956,3,0,0,0,0.0,0.0
1080,106778951,54375951,4,0,1,0,0.0,0.0
1081,106778951,71480742,2,0,0,0,0.0,0.0
1082,106778951,71743660,3,0,1,0,0.0,0.0
1083,106778951,116609901,7,0,0,0,0.0,0.0
1084,106778951,120111848,2,0,0,0,0.0,0.0
1085,106778951,169102006,2,0,0,0,0.0,0.0
1086,106778951,173066385,2,0,0,0,0.0,0.0
1087,106778951,184131532,2,0,0,0,0.0,0.0
1088,106778951,214434774,2,0,0,0,0.0,0.0
1089,106778951,216797095,2,0,0,0,0.0,0.0
1090,106778951,249976517,3,0,0,0,0.0,0.0
1091,106778951,259951072,2,0,0,0,0.0,0.0
1092,106778951,342605480,1,0,0,0,0.0,0.0
1093,106778951,372406579,2,0,0,0,0.0,0.0
1094,106778951,372912523,2,0,0,0,0.0,0.0
1095,106960781,96133896,4,0,0,0,0.0,0.0
1096,106960781,97639836,2,0,0,0,0.0,0.0
1097,107162477,129263448,1,0,0,0,0.0,0.0
1098,107162477,272571680,1,0,0,0,0.0,0.0
1099,107162477,352074483,1,0,0,0,0.0,0.0
1100,107264015,401725242,2,0,0,0,0.0,0.0
1101,107281742,321792992,8,0,0,0,0.0,0.0
1102,107294201,117128421,2,0,0,0,0.0,0.0
1103,107295446,54735709,1,0,0,0,0.0,0.0
1104,107295446,121033353,1,0,0,0,0.0,0.0
1105,107295446,146520291,2,0,0,0,0.0,0.0
1106,107295446,258393287,2,0,0,0,0.0,0.0
1107,107369933,36915695,2,0,0,0,0.0,0.0
1108,107369933,77809238,6,0,0,0,0.0,0.0
1109,107369933,79782255,5,0,0,0,0.0,0.0
1110,107369933,162668398,1,0,0,0,0.0,0.0
1111,107396576,38312786,2,0,0,0,0.0,0.0
1112,107524721,142572334,1,0,0,0,0.0,0.0
1113,107524721,170546803,2,0,0,0,0.0,0.0
1114,107524721,295622024,2,0,0,0,0.0,0.0
1115,107524721,331212270,2,0,0,0,0.0,0.0
1116,107525567,109717536,2,0,0,0,0.0,0.0
1117,107525567,395200199,4,0,0,0,0.0,0.0
1118,107996990,16993416,2,0,0,0,0.0,0.0
1119,108032747,71365738,2,0,0,0,0.0,0.0
1120,108201638,346154183,2,0,0,0,0.0,0.0
1121,108281837,170071786,2,0,0,0,0.0,0.0
1122,108456257,390659863,2,0,0,0,0.0,0.0
1123,108556142,64224973,1,0,0,0,0.0,0.0
1124,108556142,80810995,1,0,0,0,0.0,0.0
1125,108556142,141465854,3,0,0,0,0.0,0.0
1126,108556142,273689920,1,0,0,0,0.0,0.0
1127,108556142,275004528,1,0,0,0,0.0,0.0
1128,108556142,343344334,3,0,0,0,0.0,0.0
1129,108556142,380308655,1,0,0,0,0.0,0.0
1130,108648119,36843902,2,0,0,0,0.0,0.0
1131,108721043,35003192,2,0,0,0,0.0,0.0
1132,108747596,225753512,2,0,0,0,0.0,0.0
1133,108754127,302146266,2,0,0,0,0.0,0.0
1134,108787496,6673965,3,0,0,0,0.0,0.0
1135,108787496,21916616,2,0,0,0,0.0,0.0
1136,108787496,29256462,2,0,0,0,0.0,0.0
1137,108787496,30953076,2,0,0,0,0.0,0.0
1138,108787496,41775700,2,0,0,0,0.0,0.0
1139,108787496,67001527,2,0,0,0,0.0,0.0
1140,108787496,68673596,2,0,0,0,0.0,0.0
1141,108787496,87331961,2,0,0,0,0.0,0.0
1142,108787496,101520141,3,0,0,0,0.0,0.0
1143,108787496,106330727,2,0,0,0,0.0,0.0
1144,108787496,177238103,2,0,0,0,0.0,0.0
1145,108787496,178857971,2,0,0,0,0.0,0.0
1146,108787496,208600040,3,0,0,0,0.0,0.0
1147,108787496,219457931,2,0,0,0,0.0,0.0
1148,108787496,222651266,2,0,0,0,0.0,0.0
1149,108787496,226941580,2,0,0,0,0.0,0.0
1150,108787496,229166912,2,0,0,0,0.0,0.0
1151,108787496,305108873,2,0,0,0,0.0,0.0
1152,108787496,311088255,2,0,0,0,0.0,0.0
1153,108787496,331062386,2,0,0,0,0.0,0.0
1154,108787496,365558945,2,0,0,0,0.0,0.0
1155,108787496,395435216,3,0,0,0,0.0,0.0
1156,108807980,196536932,2,0,0,0,0.0,0.0
1157,108809234,138816811,3,0,0,0,0.0,0.0
1158,108809234,151894633,2,0,0,0,0.0,0.0
1159,108809234,382965719,2,0,0,0,0.0,0.0
1160,108820634,32966526,2,0,0,0,0.0,0.0
1161,108842399,1810904,5,1,0,0,0.0,0.0
1162,108842399,2227980,2,0,0,0,0.0,0.0
1163,108842399,24076883,2,0,0,0,0.0,0.0
1164,108842399,28370493,2,0,0,0,0.0,0.0
1165,108842399,31313332,2,0,0,0,0.0,0.0
1166,108842399,43477621,2,0,0,0,0.0,0.0
1167,108842399,47898115,2,0,0,0,0.0,0.0
1168,108842399,65229523,5,1,0,0,0.0,0.0
1169,108842399,74359694,4,0,0,0,1.0,1.0
1170,108842399,80395287,2,0,0,0,0.0,0.0
1171,108842399,82306583,2,0,0,0,0.0,0.0
1172,108842399,109644695,2,1,0,0,0.0,0.0
1173,108842399,130948753,1,0,0,0,0.0,0.0
1174,108842399,133384966,2,0,0,0,0.0,0.0
1175,108842399,156641612,3,0,0,0,0.0,0.0
1176,108842399,157635179,2,0,0,0,0.0,0.0
1177,108842399,170361531,2,0,0,0,0.0,0.0
1178,108842399,192016247,2,0,0,0,0.0,0.0
1179,108842399,192941943,6,1,0,0,0.0,0.0
1180,108842399,194987361,2,0,0,0,0.0,0.0
1181,108842399,195449194,2,0,0,0,0.0,0.0
1182,108842399,196709559,2,0,0,0,0.0,0.0
1183,108842399,200571253,1,0,0,0,0.0,0.0
1184,108842399,214212996,3,0,0,0,0.0,0.0
1185,108842399,218044984,2,0,0,0,0.0,0.0
1186,108842399,254279872,2,0,0,0,0.0,0.0
1187,108842399,268183257,5,1,1,0,0.0,0.0
1188,108842399,276043531,3,1,0,0,0.0,0.0
1189,108842399,276267426,2,0,0,0,0.0,0.0
1190,108842399,280472520,2,0,0,0,0.0,0.0
1191,108842399,306955836,11,0,0,1,0.0,0.0
1192,108842399,316681963,5,1,0,0,0.0,0.0
1193,108842399,317880466,2,0,0,0,0.0,0.0
1194,108842399,333379284,1,0,0,0,0.0,0.0
1195,108842399,335736575,2,0,0,0,0.0,0.0
1196,108842399,337784676,4,0,0,0,0.0,0.0
1197,108842399,339123908,5,1,0,0,0.0,0.0
1198,108842399,342644322,2,0,0,0,0.0,0.0
1199,108842399,343930065,9,1,0,0,1.0,1.0
1200,108842399,345700547,2,0,0,0,0.0,0.0
1201,108842399,347810983,2,0,0,0,0.0,0.0
1202,108842399,352957164,2,0,0,0,0.0,0.0
1203,108842399,356485474,1,0,0,0,0.0,0.0
1204,108842399,359454251,1,0,0,0,1.0,1.0
1205,108842399,369131393,2,0,0,0,0.0,0.0
1206,108842399,370135891,2,0,0,0,0.0,0.0
1207,108842399,376524812,2,1,0,0,0.0,0.0
1208,108842399,382121825,2,0,0,0,0.0,0.0
1209,108842399,382711507,2,0,0,0,0.0,0.0
1210,108842399,397514318,2,0,0,0,0.0,0.0
1211,108842399,398806670,2,0,0,0,0.0,0.0
1212,109041596,331825335,5,0,0,0,0.0,0.0
1213,109041596,398446974,2,0,0,1,0.0,0.0
1214,109128542,3265513,4,0,0,0,0.0,0.0
1215,109128542,11935937,3,0,0,0,0.0,0.0
1216,109128542,101619941,1,0,0,0,0.0,0.0
1217,109128542,157873387,3,0,0,0,0.0,0.0
1218,109128542,158420137,5,0,0,0,0.0,0.0
1219,109128542,161527401,1,0,0,0,0.0,0.0
1220,109128542,162193657,1,0,0,0,0.0,0.0
1221,109128542,216889318,3,0,0,0,0.0,0.0
1222,109128542,220436274,4,0,0,0,0.0,0.0
1223,109128542,224422844,5,0,0,0,0.0,0.0
1224,109128542,230105984,1,0,0,0,0.0,0.0
1225,109128542,238026360,4,0,0,0,0.0,0.0
1226,109128542,245217539,3,0,0,0,0.0,0.0
1227,109128542,277039974,9,0,0,1,0.0,0.0
1228,109128542,294167986,4,0,0,0,0.0,0.0
1229,109128542,320741553,6,0,0,0,0.0,0.0
1230,109128542,323703085,1,0,0,0,0.0,0.0
1231,109128542,340157779,3,0,0,0,0.0,0.0
1232,109128542,355414594,3,0,0,0,0.0,0.0
1233,109164452,3114064,1,0,0,0,0.0,0.0
1234,109164452,8139757,2,0,0,0,0.0,0.0
1235,109164452,14790132,1,0,0,0,0.0,0.0
1236,109164452,31265922,1,0,0,0,1.0,1.0
1237,109164452,53704158,1,0,0,0,0.0,0.0
1238,109164452,121157015,1,0,0,0,0.0,0.0
1239,109164452,172531242,3,0,0,0,0.0,0.0
1240,109164452,242924847,1,0,0,0,0.0,0.0
1241,109164452,294521501,2,0,0,0,0.0,0.0
1242,109164452,296637479,3,0,1,0,0.0,0.0
1243,109164452,356216342,2,0,0,0,0.0,0.0
1244,109354262,42777427,5,0,0,0,0.0,0.0
1245,109354262,65675078,1,0,0,0,0.0,0.0
1246,109354262,74692251,2,0,0,0,0.0,0.0
1247,109354262,110989517,2,0,0,0,0.0,0.0
1248,109354262,152707230,1,0,0,0,0.0,0.0
1249,109354262,173948532,1,0,0,0,0.0,0.0
1250,109354262,175365470,1,0,0,0,0.0,0.0
1251,109354262,203511830,4,0,0,1,0.0,0.0
1252,109354262,306949762,3,0,0,0,0.0,0.0
1253,109354262,350581937,1,0,0,0,0.0,0.0
1254,109354262,394564104,2,0,0,0,0.0,0.0
1255,109400696,121793147,2,1,0,0,0.0,0.0
1256,109400696,398425422,2,0,0,0,0.0,0.0
1257,109484486,115842631,6,0,0,0,0.0,0.0
1258,109484486,223293993,3,0,0,0,0.0,0.0
1259,109484486,390853356,4,0,0,0,0.0,0.0
1260,109592352,116682728,2,0,0,0,0.0,0.0
1261,109838229,352901011,2,0,1,0,0.0,0.0
1262,109838229,362815508,1,0,0,0,0.0,0.0
1263,109838229,393642172,3,0,0,0,0.0,0.0
1264,110021668,56913325,4,0,0,0,0.0,0.0
1265,110068303,15183101,2,0,0,0,0.0,0.0
1266,110068303,21681762,2,0,0,0,0.0,0.0
1267,110068303,27011004,2,0,0,0,0.0,0.0
1268,110068303,43804991,2,0,0,0,0.0,0.0
1269,110068303,52250369,2,0,0,0,0.0,0.0
1270,110068303,70473868,2,0,0,0,0.0,0.0
1271,110068303,96596717,2,0,0,0,0.0,0.0
1272,110068303,108758604,6,0,0,0,0.0,0.0
1273,110068303,113078800,2,0,0,0,0.0,0.0
1274,110068303,150834674,3,0,0,0,0.0,0.0
1275,110068303,154089578,4,0,0,0,0.0,0.0
1276,110068303,156536571,3,0,0,0,0.0,0.0
1277,110068303,170546877,2,0,0,0,0.0,0.0
1278,110068303,179398698,2,0,0,0,0.0,0.0
1279,110068303,188280741,2,0,0,0,0.0,0.0
1280,110068303,197348457,2,0,0,0,0.0,0.0
1281,110068303,219469694,2,0,0,0,0.0,0.0
1282,110068303,232724685,2,0,0,0,0.0,0.0
1283,110068303,248338978,1,0,0,0,0.0,0.0
1284,110068303,259491051,2,0,0,0,0.0,0.0
1285,110068303,262730672,3,0,0,0,0.0,0.0
1286,110068303,275417848,2,0,0,0,0.0,0.0
1287,110068303,277920198,2,0,0,0,0.0,0.0
1288,110068303,293367052,3,0,0,0,0.0,0.0
1289,110068303,303088756,2,0,0,0,0.0,0.0
1290,110068303,323282030,2,0,0,0,0.0,0.0
1291,110068303,331252951,2,0,0,0,0.0,0.0
1292,110068303,339815851,2,0,0,0,0.0,0.0
1293,110068303,345837981,4,0,0,0,0.0,0.0
1294,110068303,382357231,2,0,0,0,0.0,0.0
1295,110068303,384487676,3,0,0,0,1.0,1.0
1296,110068303,402275678,4,0,0,0,0.0,0.0
1297,110068303,404518425,3,0,0,0,0.0,0.0
1298,110086477,58390524,1,0,0,0,0.0,0.0
1299,110086477,229820974,2,0,0,0,0.0,0.0
1300,110115430,177347865,2,0,0,0,0.0,0.0
1301,110115430,180926133,2,0,0,0,0.0,0.0
1302,110134411,113387141,2,0,0,0,0.0,0.0
1303,110134411,149155752,2,0,0,0,0.0,0.0
1304,110134411,182286973,2,0,0,0,0.0,0.0
1305,110134411,207817630,2,0,0,0,0.0,0.0
1306,110134411,372578222,2,0,0,0,0.0,0.0
1307,110162698,9656311,2,0,0,0,0.0,0.0
1308,110162698,341041682,5,0,0,0,0.0,0.0
1309,110206999,34155893,1,0,0,0,0.0,0.0
1310,110206999,47303239,3,0,0,0,0.0,0.0
1311,110231950,333379284,1,1,0,0,0.0,0.0
1312,110330743,27275108,1,0,0,0,0.0,0.0
1313,110330743,43965150,2,0,0,1,0.0,0.0
1314,110330743,215866724,1,0,1,1,0.0,0.0
1315,110330743,229407585,4,0,1,1,0.0,0.0
1316,110330743,257310975,2,0,0,0,0.0,0.0
1317,110330743,265404537,2,0,0,0,0.0,0.0
1318,110330743,316919171,1,0,0,0,0.0,0.0
1319,110330743,381416638,1,0,0,0,0.0,0.0
1320,110494345,35065288,2,0,0,0,0.0,0.0
1321,110494345,40844976,2,0,0,0,0.0,0.0
1322,110494345,100224176,1,0,0,0,0.0,0.0
1323,110494345,249108338,2,0,0,0,0.0,0.0
1324,110494345,288371096,3,0,0,0,0.0,0.0
1325,110494345,324421387,1,0,0,0,0.0,0.0
1326,110494345,341223249,2,0,0,0,0.0,0.0
1327,110494345,397035709,3,0,0,0,0.0,0.0
1328,110581771,14044678,6,1,0,0,0.0,0.0
1329,110581771,16514351,1,0,0,0,0.0,0.0
1330,110581771,47080953,1,1,0,0,0.0,0.0
1331,110581771,47149382,1,1,0,0,0.0,0.0
1332,110581771,81167013,2,1,1,0,0.0,0.0
1333,110581771,85729845,1,0,1,0,0.0,0.0
1334,110581771,90164976,1,0,0,0,0.0,0.0
1335,110581771,95513694,6,0,1,1,0.0,0.0
1336,110581771,114315798,8,0,1,0,0.0,0.0
1337,110581771,121709258,1,0,0,0,0.0,0.0
1338,110581771,122827962,4,0,0,0,0.0,0.0
1339,110581771,126532745,4,0,0,0,0.0,0.0
1340,110581771,142041279,1,1,0,0,0.0,0.0
1341,110581771,166849108,4,0,0,0,0.0,0.0
1342,110581771,190221769,3,0,0,0,0.0,0.0
1343,110581771,228570137,1,0,1,0,0.0,0.0
1344,110581771,228990743,1,0,0,0,0.0,0.0
1345,110581771,234302625,3,1,0,0,0.0,0.0
1346,110581771,275442175,1,0,0,0,0.0,0.0
1347,110581771,285642762,7,0,0,0,0.0,0.0
1348,110581771,291800412,5,0,1,0,0.0,0.0
1349,110581771,331536371,5,1,0,0,0.0,0.0
1350,110581771,341963120,3,1,0,0,0.0,0.0
1351,110581771,345411362,1,0,0,0,0.0,0.0
1352,110581771,356781925,3,1,0,0,0.0,0.0
1353,110581771,382521700,3,1,1,0,0.0,0.0
1354,110581771,383815098,1,1,0,0,0.0,0.0
1355,110581771,389007284,2,1,0,0,0.0,0.0
1356,110581771,391545779,2,0,0,0,1.0,1.0
1357,110606692,12411824,1,0,0,0,0.0,0.0
1358,110606692,27011004,1,0,0,0,0.0,0.0
1359,110606692,64979385,3,0,0,0,0.0,0.0
1360,110606692,78414027,3,0,1,0,0.0,0.0
1361,110606692,163385894,1,0,0,0,0.0,0.0
1362,110606692,167454438,3,0,0,0,0.0,0.0
1363,110606692,170080980,1,0,0,0,0.0,0.0
1364,110606692,188904776,3,0,1,0,0.0,0.0
1365,110606692,191622536,1,0,0,0,0.0,0.0
1366,110606692,196892129,1,0,0,0,0.0,0.0
1367,110606692,245083938,1,0,0,0,0.0,0.0
1368,110606692,265995481,1,0,0,0,0.0,0.0
1369,110606692,315310005,1,0,0,0,0.0,0.0
1370,110606692,337896771,1,0,0,0,0.0,0.0
1371,110606692,377771501,1,0,0,0,0.0,0.0
1372,110606692,398302052,3,0,0,0,0.0,0.0
1373,110651470,208303256,3,0,0,0,0.0,0.0
1374,110701894,8288564,1,0,0,0,0.0,0.0
1375,110794153,88369498,2,0,0,0,0.0,0.0
1376,110811607,122241003,3,0,0,0,0.0,0.0
1377,110824750,20206091,3,0,0,0,0.0,0.0
1378,110824750,46136567,2,0,0,0,0.0,0.0
1379,110824750,121976992,1,0,0,0,0.0,0.0
1380,110824750,126429127,2,0,0,0,0.0,0.0
1381,110824750,164785901,2,0,0,0,0.0,0.0
1382,110824750,174456758,2,0,0,0,0.0,0.0
1383,110824750,183996266,2,0,0,0,0.0,0.0
1384,110824750,227306604,2,0,0,0,0.0,0.0
1385,110824750,228057813,2,0,0,0,0.0,0.0
1386,110824750,258678711,4,0,0,0,0.0,0.0
1387,110824750,333104910,2,0,0,0,0.0,0.0
1388,110824750,358488209,2,0,0,0,0.0,0.0
1389,110824750,369365813,3,0,0,0,0.0,0.0
1390,110825197,4827380,1,0,0,0,0.0,0.0
1391,110825197,12346933,1,0,0,0,0.0,0.0
1392,110825197,15442105,1,0,0,0,0.0,0.0
1393,110825197,25133204,1,0,0,0,0.0,0.0
1394,110825197,33745215,1,0,0,0,0.0,0.0
1395,110825197,38444578,3,0,0,0,0.0,0.0
1396,110825197,43578886,5,0,0,0,0.0,0.0
1397,110825197,48015682,1,0,0,0,0.0,0.0
1398,110825197,51954542,1,0,0,0,0.0,0.0
1399,110825197,59480085,1,0,0,0,0.0,0.0
1400,110825197,61999996,1,0,0,0,0.0,0.0
1401,110825197,103504238,2,0,0,0,0.0,0.0
1402,110825197,104087250,2,0,0,0,0.0,0.0
1403,110825197,119059442,1,0,0,0,0.0,0.0
1404,110825197,129300713,1,0,0,0,0.0,0.0
1405,110825197,130788562,2,0,0,0,0.0,0.0
1406,110825197,151036092,1,0,0,0,0.0,0.0
1407,110825197,161458821,1,0,0,0,0.0,0.0
1408,110825197,166418189,1,0,0,0,0.0,0.0
1409,110825197,171576586,3,0,0,0,0.0,0.0
1410,110825197,192681690,1,0,0,0,0.0,0.0
1411,110825197,198448992,1,0,0,0,0.0,0.0
1412,110825197,217442957,1,0,0,0,0.0,0.0
1413,110825197,223371445,1,0,0,0,0.0,0.0
1414,110825197,227951087,1,0,0,0,0.0,0.0
1415,110825197,244933740,1,0,0,0,0.0,0.0
1416,110825197,278552481,1,0,0,0,0.0,0.0
1417,110825197,285624584,1,0,0,0,0.0,0.0
1418,110825197,289181600,1,0,0,0,0.0,0.0
1419,110825197,290418014,1,0,0,0,0.0,0.0
1420,110825197,310797981,1,0,0,0,0.0,0.0
1421,110825197,312116368,1,0,0,0,0.0,0.0
1422,110825197,322537884,1,0,0,0,0.0,0.0
1423,110825197,332204484,3,0,0,0,0.0,0.0
1424,110825197,350674375,1,0,0,0,0.0,0.0
1425,110825197,354787351,1,0,0,0,0.0,0.0
1426,110825197,359900282,2,0,0,0,0.0,0.0
1427,110825197,376662145,2,0,0,0,0.0,0.0
1428,110825197,382559647,1,0,0,0,0.0,0.0
1429,110825197,390623087,1,0,0,0,0.0,0.0
1430,110825197,396195371,1,0,0,0,0.0,0.0
1431,110825197,398370714,1,0,0,0,0.0,0.0
1432,110825197,399637297,1,0,0,0,0.0,0.0
1433,110872825,8587555,3,0,0,0,0.0,0.0
1434,110872825,8766613,1,0,0,0,0.0,0.0
1435,110872825,22251811,4,0,0,0,0.0,0.0
1436,110872825,43604315,2,0,0,0,0.0,0.0
1437,110872825,50140882,2,0,0,0,0.0,0.0
1438,110872825,56079109,2,0,0,0,0.0,0.0
1439,110872825,80366951,2,0,0,0,0.0,0.0
1440,110872825,80446342,2,0,0,0,0.0,0.0
1441,110872825,87010968,2,0,0,0,0.0,0.0
1442,110872825,92004207,2,0,0,0,0.0,0.0
1443,110872825,104488451,3,0,0,0,0.0,0.0
1444,110872825,112017187,2,0,0,0,0.0,0.0
1445,110872825,126219377,2,0,0,0,0.0,0.0
1446,110872825,132527243,2,0,0,0,0.0,0.0
1447,110872825,146021913,2,0,0,0,0.0,0.0
1448,110872825,152174301,2,0,0,0,0.0,0.0
1449,110872825,167842924,2,0,0,0,0.0,0.0
1450,110872825,180956625,2,0,0,0,0.0,0.0
1451,110872825,181765572,2,0,0,0,0.0,0.0
1452,110872825,192735379,2,0,0,0,0.0,0.0
1453,110872825,194118726,3,0,0,0,0.0,0.0
1454,110872825,232202293,2,0,0,0,0.0,0.0
1455,110872825,241551009,1,0,0,0,0.0,0.0
1456,110872825,314863793,2,0,0,0,0.0,0.0
1457,110872825,319781761,2,0,0,0,0.0,0.0
1458,110872825,336695759,4,0,0,0,0.0,0.0
1459,110872825,351069490,4,0,0,0,0.0,0.0
1460,110872825,352094700,2,0,0,0,0.0,0.0
1461,110872825,366748144,4,0,0,0,0.0,0.0
1462,110872825,372708977,2,0,0,0,0.0,0.0
1463,110872825,372738930,2,0,0,0,0.0,0.0
1464,110872825,383139972,2,0,0,0,0.0,0.0
1465,110872825,390744808,1,0,0,0,0.0,0.0
1466,110872825,396188854,2,0,0,0,0.0,0.0
1467,110872825,404102478,2,0,0,0,0.0,0.0
1468,110910286,395200199,2,0,0,0,0.0,0.0
1469,110950984,18777823,3,0,0,0,0.0,0.0
1470,110950984,42155464,4,0,0,0,0.0,0.0
1471,110950984,45365261,7,1,0,0,0.0,0.0
1472,110950984,64830102,2,0,0,0,0.0,0.0
1473,110950984,150389513,3,0,0,0,0.0,0.0
1474,110950984,219065365,2,0,0,0,0.0,0.0
1475,110950984,255306670,2,0,0,0,0.0,0.0
1476,110950984,279018205,2,0,0,0,0.0,0.0
1477,110961790,607051,4,0,0,0,0.0,0.0
1478,110961790,2811512,2,0,0,0,0.0,0.0
1479,110961790,8998667,4,0,0,0,0.0,0.0
1480,110961790,23513168,5,0,0,0,0.0,0.0
1481,110961790,25856881,2,0,0,0,0.0,0.0
1482,110961790,27787977,7,1,1,0,0.0,0.0
1483,110961790,30016215,2,0,0,0,0.0,0.0
1484,110961790,31591944,2,0,0,0,0.0,0.0
1485,110961790,33478586,2,0,0,0,0.0,0.0
1486,110961790,33826785,3,0,0,0,0.0,0.0
1487,110961790,40070020,2,0,0,0,0.0,0.0
1488,110961790,49010779,2,0,0,0,0.0,0.0
1489,110961790,77464043,7,0,1,0,0.0,0.0
1490,110961790,88070452,3,0,0,0,0.0,0.0
1491,110961790,109109577,1,0,0,0,0.0,0.0
1492,110961790,113093833,4,0,1,0,0.0,0.0
1493,110961790,115363760,5,0,0,0,0.0,0.0
1494,110961790,126536522,2,0,0,0,0.0,0.0
1495,110961790,126942872,2,0,0,0,0.0,0.0
1496,110961790,129362658,5,0,0,0,0.0,0.0
1497,110961790,162089349,2,0,0,0,0.0,0.0
1498,110961790,166863891,2,0,0,0,0.0,0.0
1499,110961790,172324485,6,0,0,0,0.0,0.0
1500,110961790,190556461,3,0,0,0,0.0,0.0
1501,110961790,199022406,3,0,0,0,0.0,0.0
1502,110961790,204006514,3,0,0,0,0.0,0.0
1503,110961790,210695819,4,0,1,0,0.0,0.0
1504,110961790,224564118,6,0,1,0,0.0,0.0
1505,110961790,251816472,2,0,0,0,0.0,0.0
1506,110961790,265504224,2,0,0,0,0.0,0.0
1507,110961790,267798840,2,0,0,0,0.0,0.0
1508,110961790,268103902,6,0,0,0,0.0,0.0
1509,110961790,269111920,3,0,0,0,0.0,0.0
1510,110961790,277869220,4,0,0,0,0.0,0.0
1511,110961790,280751742,7,0,0,0,0.0,0.0
1512,110961790,292826303,2,0,0,0,0.0,0.0
1513,110961790,303872530,4,0,0,0,0.0,0.0
1514,110961790,306370381,1,0,0,0,0.0,0.0
1515,110961790,314489185,4,0,1,0,0.0,0.0
1516,110961790,314607119,2,0,0,0,0.0,0.0
1517,110961790,315794598,1,0,0,0,0.0,0.0
1518,110961790,327996148,4,0,0,0,0.0,0.0
1519,110961790,338762793,2,0,0,0,0.0,0.0
1520,110961790,358625110,11,0,1,1,0.0,0.0
1521,110961790,360621877,2,0,0,0,0.0,0.0
1522,110961790,370290102,2,0,0,0,0.0,0.0
1523,110961790,372538491,2,0,0,0,0.0,0.0
1524,110961790,373801250,2,0,0,0,0.0,0.0
1525,110961790,384184626,3,0,0,0,0.0,0.0
1526,110961790,386461763,2,0,0,0,0.0,0.0
1527,110961790,394384810,3,0,0,0,0.0,0.0
1528,111013189,4185378,2,0,0,0,0.0,0.0
1529,111013189,43606647,2,0,0,0,0.0,0.0
1530,111013189,53385916,1,0,0,0,0.0,0.0
1531,111013189,54559426,3,0,0,0,0.0,0.0
1532,111013189,184306005,2,0,0,0,0.0,0.0
1533,111013189,216043193,2,0,0,0,0.0,0.0
1534,111013189,224387914,2,0,0,0,0.0,0.0
1535,111013189,229552972,1,0,0,0,0.0,0.0
1536,111013189,332461108,2,0,0,0,0.0,0.0
1537,111013189,341035476,1,0,0,0,0.0,0.0
1538,111013189,345915610,2,0,0,0,0.0,0.0
1539,111013189,364427589,2,0,0,0,0.0,0.0
1540,111028783,54721477,1,0,0,0,0.0,0.0
1541,111028783,94968318,2,0,0,0,0.0,0.0
1542,111174406,5800975,2,0,0,0,0.0,0.0
1543,111174406,57336455,2,0,0,0,0.0,0.0
1544,111174406,91113901,3,0,0,0,0.0,0.0
1545,111174406,106186255,2,0,0,0,0.0,0.0
1546,111174406,152644003,2,0,0,0,0.0,0.0
1547,111174406,161012604,2,0,0,0,0.0,0.0
1548,111174406,167520657,2,0,0,0,0.0,0.0
1549,111174406,176447807,6,0,0,1,0.0,0.0
1550,111174406,177491808,3,0,0,0,0.0,0.0
1551,111174406,240937395,1,0,0,0,0.0,0.0
1552,111174406,281509173,1,0,0,0,0.0,0.0
1553,111174406,315994882,2,0,0,0,0.0,0.0
1554,111174406,341027607,1,0,0,0,0.0,0.0
1555,111174406,342672795,2,0,0,0,0.0,0.0
1556,111203398,6788606,2,0,0,0,0.0,0.0
1557,111203398,39051316,2,0,0,0,0.0,0.0
1558,111203398,44832080,1,0,0,0,0.0,0.0
1559,111203398,69358666,2,0,0,0,0.0,0.0
1560,111203398,71985415,3,0,1,0,0.0,0.0
1561,111203398,81547041,3,0,0,0,0.0,0.0
1562,111203398,83984513,2,0,0,0,0.0,0.0
1563,111203398,102717882,3,0,1,0,0.0,0.0
1564,111203398,112991684,2,0,0,0,0.0,0.0
1565,111203398,183920177,3,0,1,0,0.0,0.0
1566,111203398,186809442,1,0,0,0,0.0,0.0
1567,111203398,210792180,2,0,0,0,0.0,0.0
1568,111203398,212691555,2,0,0,0,0.0,0.0
1569,111203398,233195492,2,0,1,0,0.0,0.0
1570,111203398,240474756,2,0,0,0,0.0,0.0
1571,111203398,246479463,2,0,1,0,0.0,0.0
1572,111203398,247250899,2,0,0,0,0.0,0.0
1573,111203398,274418536,1,0,0,0,0.0,0.0
1574,111203398,284816539,1,0,0,0,0.0,0.0
1575,111203398,303379802,3,0,1,0,0.0,0.0
1576,111203398,314665584,2,0,1,0,0.0,0.0
1577,111203398,328546953,3,0,1,0,0.0,0.0
1578,111203398,333953851,2,0,0,0,0.0,0.0
1579,111203398,361346418,2,0,1,0,0.0,0.0
1580,111203398,386474712,3,0,1,0,0.0,0.0
1581,111203398,389094171,2,0,1,0,0.0,0.0
1582,111246442,2889513,4,0,0,0,0.0,0.0
1583,111246442,349938490,2,0,0,0,0.0,0.0
1584,111270700,317742771,2,1,0,0,0.0,0.0
1585,111270700,348160685,2,1,0,0,0.0,0.0
1586,111375820,6840690,3,0,0,0,0.0,0.0
1587,111375820,243118038,2,0,0,0,0.0,0.0
1588,111375820,274574817,2,0,0,0,0.0,0.0
1589,111375820,327051720,3,0,0,0,0.0,0.0
1590,111409210,369076396,1,0,0,0,0.0,0.0
1591,111435559,114729024,2,0,0,0,0.0,0.0
1592,111485020,28345880,1,0,0,0,0.0,0.0
1593,111485020,35653937,3,0,0,0,0.0,0.0
1594,111485020,42031599,3,0,0,0,0.0,0.0
1595,111485020,44201188,1,0,0,0,0.0,0.0
1596,111485020,48168783,1,0,0,0,0.0,0.0
1597,111485020,65651987,3,0,0,0,0.0,0.0
1598,111485020,89907715,2,0,0,0,0.0,0.0
1599,111485020,205016026,2,0,0,0,0.0,0.0
1600,111485020,277932715,2,0,0,0,0.0,0.0
1601,111485020,301133726,2,0,0,0,0.0,0.0
1602,111485020,326164854,3,0,0,0,0.0,0.0
1603,111485020,378647791,2,0,0,0,0.0,0.0
1604,111609931,79346547,2,0,0,0,0.0,0.0
1605,111609931,89396296,3,0,0,0,0.0,0.0
1606,111609931,122024727,2,0,0,0,0.0,0.0
1607,111609931,133704560,4,0,0,0,0.0,0.0
1608,111609931,153579587,2,0,0,0,0.0,0.0
1609,111609931,155794673,2,0,0,0,0.0,0.0
1610,111609931,198008022,2,0,0,0,0.0,0.0
1611,111609931,209008660,2,0,0,0,0.0,0.0
1612,111609931,241366973,4,0,0,0,0.0,0.0
1613,111609931,296727696,2,0,0,0,0.0,0.0
1614,111609931,332686693,2,0,0,0,0.0,0.0
1615,111609931,361346418,5,0,0,0,0.0,0.0
1616,111609931,361823750,4,0,0,0,0.0,0.0
1617,111629758,104821990,2,0,0,0,0.0,0.0
